Key,Type,Desc,Chinese (Simplified),Chinese (Traditional)
Battle/Ability/Attack,Text,,攻击,攻擊
Battle/Ability/Defense,Text,,防御,防禦
Battle/Ability/Dev_Btn_Cancel,Text,,模拟右键,模擬右鍵
Battle/Ability/Dev_Btn_OK,Text,,模拟左键,模擬左鍵
Battle/Ability/Move,Text,,移动,移動
Battle/Ability/Rest,Text,,休息,休息
Battle/Ability/UseItem,Text,,使用物品,使用物品
Battle/Battle_Lose,Text,,战败,戰敗
Battle/Battle_Opening,Text,,战斗开始,戰鬥開始
Battle/Battle_Win,Text,,获胜,獲勝
Battle/Characters/MainPlayer,Text,,主人公,主人公
Battle/Characters/Thief,Text,,盗贼喽喽,盜賊嘍嘍
Configs/Items/Accessories/BaiHuXiangJin,Text,,白虎项巾,白虎項巾
Configs/Items/Accessories/BaiHuXiangJin_Desc,Text,,"用白虎之毛皮所制成的围巾，不但造型威猛，更带有异兽白虎的天生神力，是真稀之物。
装备：攻击＋4、防御＋4、速度＋5","用白虎之毛皮所製成的圍巾，不但造型威猛，更帶有異獸白虎的天生神力，是真稀之物。
裝備：攻擊＋4、防禦＋4、速度＋5"
Configs/Items/Accessories/BaiYuGuan,Text,,白玉冠,白玉冠
Configs/Items/Accessories/BaiYuGuan_Desc,Text,,"文人常戴的礼冠，冠上镶以皎洁白玉，能清明心智，让装备者对周遭变化能快速做出反应。
装备：攻击＋2、防御＋2、命中＋2、闪避＋2","文人常戴的禮冠，冠上鑲以皎潔白玉，能清明心智，讓裝備者對周遭變化能快速做出反應。
裝備：攻擊＋2、防禦＋2、命中＋2、閃避＋2"
Configs/Items/Accessories/BaiYuLaoHu,Text,,白玉老虎,白玉老虎
Configs/Items/Accessories/BaiYuLaoHu_Desc,Text,,"状似虎形的天然白玉，具有提升配戴者智慧的神奇功效，乃非常希罕的宝物。
装备：攻击＋10、命中＋10、悟性＋20","狀似虎形的天然白玉，具有提升配戴者智慧的神奇功效，乃非常希罕的寶物。
裝備：攻擊＋10、命中＋10、悟性＋20"
Configs/Items/Accessories/CaiXiaXue,Text,,彩霞靴,彩霞靴
Configs/Items/Accessories/CaiXiaXue_Desc,Text,,"鞋面上绣有夕霞飞云图，非常美观，穿戴此靴者移动时有如云霞随风，令敌人难以捉摸。
装备：命中＋5、闪避＋12","鞋面上繡有夕霞飛雲圖，非常美觀，穿戴此靴者移動時有如雲霞隨風，令敵人難以捉摸。
裝備：命中＋5、閃避＋12"
Configs/Items/Accessories/CaiZhuHuan,Text,,彩珠环,彩珠環
Configs/Items/Accessories/CaiZhuHuan_Desc,Text,,以赤金为体，镶上七色珍珠的珍贵手环，其光彩动人心魄，常让人爱不释手。,以赤金為體，鑲上七色珍珠的珍貴手環，其光彩動人心魄，常讓人愛不釋手。
Configs/Items/Accessories/CangTianShi,Text,,苍天石,蒼天石
Configs/Items/Accessories/CangTianShi_Desc,Text,,"采集于天山之巅的灵石，是仙门道教中难得的宝物，据说有纳福避邪之功，所以有很多人想收藏。
装备：命中＋15、闪避＋10、幸运＋20","採集於天山之巔的靈石，是仙門道教中難得的寶物，據說有納福避邪之功，所以有很多人想收藏。
裝備：命中＋15、閃避＋10、幸運＋20"
Configs/Items/Accessories/ChiTuMa,Text,,赤兔马,赤兔馬
Configs/Items/Accessories/ChiTuMa_Desc,Text,,"三国时代中最著名的骏马，奔行如风、日行千里。能将驾驭者的武功发挥到淋漓尽致的境界。
装备：移动＋2","三國時代中最著名的駿馬，奔行如風、日行千里。能將駕馭者的武功發揮到淋漓盡致的境界。
裝備：移動＋2"
Configs/Items/Accessories/DiShaXue,Text,,地煞靴,地煞靴
Configs/Items/Accessories/DiShaXue_Desc,Text,,"刻有地煞七十二妖的战靴，穿著此靴者将对杀戮产生莫名的渴望，具有强烈的侵略性。
装备：攻击＋15、命中＋15、移动＋1","刻有地煞七十二妖的戰靴，穿著此靴者將對殺戮產生莫名的渴望，具有強烈的侵略性。
裝備：攻擊＋15、命中＋15、移動＋1"
Configs/Items/Accessories/DianHaiShenZhu,Text,,颠海神珠,顛海神珠
Configs/Items/Accessories/DianHaiShenZhu_Desc,Text,,看似珠石，其实是五爪金龙的内丹，具有大海无量、波涛无尽之威能，能让装备者发挥远远超过实力以上的战力。持有此珠石之人，将有机会于海上遭遇神兽『北溟巨鲲』。,看似珠石，其實是五爪金龍的內丹，具有大海無量、波濤無盡之威能，能讓裝備者發揮遠遠超過實力以上的戰力。持有此珠石之人，將有機會於海上遭遇神獸『北溟巨鯤』。
Configs/Items/Accessories/DianLanZhu,Text,,靛海珠,靛海珠
Configs/Items/Accessories/DianLanZhu_Desc,Text,,直径约一吋的珠子，在白色的珍珠光晕中，还带著一分淡淡的靛蓝色，仿佛与大海的颜色相呼应，拥有大海的无尽之力。,直徑約一吋的珠子，在白色的珍珠光暈中，還帶著一分淡淡的靛藍色，彷彿與大海的顏色相呼應，擁有大海的無盡之力。
Configs/Items/Accessories/EMenZhui,Text,,恶梦坠,惡夢墜
Configs/Items/Accessories/EMenZhui_Desc,Text,,"由紫玉刻制的一对耳环，据说紫玉是具有梦魔之力的宝石，戴上这对耳环者的精神会陷入恍惚状态，并受到梦魔的指引。
装备：命中＋10、闪避＋10","由紫玉刻製的一對耳環，據說紫玉是具有夢魔之力的寶石，戴上這對耳環者的精神會陷入恍惚狀態，並受到夢魔的指引。
裝備：命中＋10、閃避＋10"
Configs/Items/Accessories/FengHuangCaiLingBi,Text,,凤凰彩翎笔,鳳凰彩翎筆
Configs/Items/Accessories/FengHuangCaiLingBi_Desc,Text,,"以凤凰羽毛做成的毛笔。相传此笔画虎能吼、画龙能飞，不过这样的消息也仅此于传说而已。
装备：命中＋15","以鳳凰羽毛做成的毛筆。相傳此筆畫虎能吼、畫龍能飛，不過這樣的消息也僅此於傳說而已。
裝備：命中＋15"
Configs/Items/Accessories/FengHuangLianYangKou,Text,,凤凰联紻扣,鳳凰聯紻釦
Configs/Items/Accessories/FengHuangLianYangKou_Desc,Text,,"用翠玉与白玉分别雕刻雄凤雌凰，制成造型典雅的腰带扣，非常名贵。
装备：命中＋10、闪避＋10","用翠玉與白玉分別雕刻雄鳳雌凰，製成造型典雅的腰帶扣，非常名貴。
裝備：命中＋10、閃避＋10"
Configs/Items/Accessories/FengHuoShi,Text,,烽火石,烽火石
Configs/Items/Accessories/FengHuoShi_Desc,Text,,"其上刻有『战火燎原烽烟起，千夫血竭万户哭』，与战狂石都是来自于战场上的奇珍邪物，蕴含著强大的力量。
装备：攻击＋5、闪避＋5","其上刻有『戰火燎原烽煙起，千夫血竭萬戶哭』，與戰狂石都是來自於戰場上的奇珍邪物，蘊含著強大的力量。
裝備：攻擊＋5、閃避＋5"
Configs/Items/Accessories/FengLiuGuan,Text,,流风冠,流風冠
Configs/Items/Accessories/FengLiuGuan_Desc,Text,,文人所戴的礼冠，造型不拘古式，相当开放不拘，能凸显穿戴者的风流飘逸。,文人所戴的禮冠，造型不拘古式，相當開放不拘，能凸顯穿戴者的風流飄逸。
Configs/Items/Accessories/GuTouZi,Text,,骨骰子,骨骰子
Configs/Items/Accessories/GuTouZi_Desc,Text,,"用东北食人巨虎之头骨，精工研磨而成的骰子，带有浓厚的肃杀之气。
装备：攻击＋5","用東北食人巨虎之頭骨，精工研磨而成的骰子，帶有濃厚的肅殺之氣。
裝備：攻擊＋5"
Configs/Items/Accessories/HuanLanPei,Text,,幻岚佩,幻嵐珮
Configs/Items/Accessories/HuanLanPei_Desc,Text,,"极为希罕的五彩玉佩，全玉雕刻为云彩乘风的造形，让持有者产生腾云驾雾之感。
装备：防御＋10、闪避＋20","極為希罕的五彩玉佩，全玉雕刻為雲彩乘風的造形，讓持有者產生騰雲駕霧之感。
裝備：防禦＋10、閃避＋20"
Configs/Items/Accessories/JiangShuaiYin,Text,,将帅印,將帥印
Configs/Items/Accessories/JiangShuaiYin_Desc,Text,,将帅之令、可抵千军之力，将帅令乃万夫莫敌之武将的象征，戴上此令乃武者无上之荣耀！,將帥之令、可抵千軍之力，將帥令乃萬夫莫敵之武將的象徵，戴上此令乃武者無上之榮耀！
Configs/Items/Accessories/JinJieZhi,Text,,金戒指,金戒指
Configs/Items/Accessories/JinJieZhi_Desc,Text,,"一般的金制戒指，有长寿平安、福寿吉祥的意义，是老人家的最爱。
装备：幸运＋20","一般的金製戒指，有長壽平安、福壽吉祥的意義，是老人家的最愛。
裝備：幸運＋20"
Configs/Items/Accessories/JiuLongLian,Text,,九龙链,九龍鍊
Configs/Items/Accessories/JiuLongLian_Desc,Text,,"用九条做成小龙造型的金链，互相串连而成的项链，不但做工精细，而且带有强烈的至尊之气，能大幅提升穿戴者的属性。
装备：攻击＋8、防御＋8、速度＋2、幸运+10","用九條做成小龍造型的金鍊，互相串連而成的項鍊，不但做工精細，而且帶有強烈的至尊之氣，能大幅提升穿戴者的屬性。
裝備：攻擊＋8、防禦＋8、速度＋2、幸運+10"
Configs/Items/Accessories/JiuMingShenSiGuan,Text,,九明慎思冠,九明慎思冠
Configs/Items/Accessories/JiuMingShenSiGuan_Desc,Text,,"男子所戴的头冠，上佩有九霞玉晶，可使配戴者神台清明、充满智慧。
装备：闪避+10、幸运+10","男子所戴的頭冠，上佩有九霞玉晶，可使配戴者神台清明、充滿智慧。
裝備：閃避+10、幸運+10"
Configs/Items/Accessories/KuLouLian,Text,,骷髅链,骷髏鍊
Configs/Items/Accessories/KuLouLian_Desc,Text,,"将三十三个经过药水炼制过后，缩小的骷髅头串连而成的恐怖项链，具有难以形容的妖异之力。
装备：攻击、防御、命中、闪避、速度、幸运＋2","將三十三個經過藥水煉製過後，縮小的骷髏頭串連而成的恐怖項鍊，具有難以形容的妖異之力。
裝備：攻擊、防禦、命中、閃避、速度、幸運＋2"
Configs/Items/Accessories/LangJiXue,Text,,浪迹靴,浪跡靴
Configs/Items/Accessories/LangJiXue_Desc,Text,,"江湖上无行浪子、枭雄侠客的最爱，鞋头有暗刃，能伤敌于无形，可说是相当阴毒的武器。
装备：攻击＋10、命中＋12","江湖上無行浪子、梟雄俠客的最愛，鞋頭有暗刃，能傷敵於無形，可說是相當陰毒的武器。
裝備：攻擊＋10、命中＋12"
Configs/Items/Accessories/LiuWuXuanMingShi,Text,,六无玄冥石,六無玄冥石
Configs/Items/Accessories/LiuWuXuanMingShi_Desc,Text,,"相传由上古仙人遗留在人间的神秘戒指，行动时序提前１位。战斗结束后，所有人物生命及内力完全恢复，异常状态亦全部解除。获得的经验值及JP值均乘以２倍，获得的银两乘以５倍。
装备：攻击＋20、防御＋20、命中＋20
　　　闪避＋20、速度＋10、移动＋3","相傳由上古仙人遺留在人間的神秘戒指，行動時序提前１位。戰鬥結束後，所有人物生命及內力完全恢復，異常狀態亦全部解除。獲得的經驗值及JP值均乘以２倍，獲得的銀兩乘以５倍。
裝備：攻擊＋20、防禦＋20、命中＋20
　　　閃避＋20、速度＋10、移動＋3"
Configs/Items/Accessories/MuTouZi,Text,,木骰子,木骰子
Configs/Items/Accessories/MuTouZi_Desc,Text,,"用银轮紫檀所制成的骰子，带有神木之灵气，能让持有者避开灾厄。
装备：闪避＋5","用銀輪紫檀所製成的骰子，帶有神木之靈氣，能讓持有者避開災厄。
裝備：閃避＋5"
Configs/Items/Accessories/NuoFengXue,Text,,挪风靴,挪風靴
Configs/Items/Accessories/NuoFengXue_Desc,Text,,"取意于『挪风逸形』，特别注重轻便、善走的特色，能有效提升移动力。
装备：移动+1","取意於『挪風逸形』，特別注重輕便、善走的特色，能有效提升移動力。
裝備：移動+1"
Configs/Items/Accessories/QianKunYouBu,Text,,乾坤游步,乾坤遊步
Configs/Items/Accessories/QianKunYouBu_Desc,Text,,"步踏乾坤、神游天地的珍奇宝靴，能令装备者攻守兼备，随心所欲。
装备：防御＋5、命中＋5、幸运＋10","步踏乾坤、神遊天地的珍奇寶靴，能令裝備者攻守兼備，隨心所欲。
裝備：防禦＋5、命中＋5、幸運＋10"
Configs/Items/Accessories/QingTongJieZhi,Text,,青铜戒指,青铜戒指
Configs/Items/Accessories/QingTongJieZhi_Desc,Text,,"西周时代所流传下来的古物，以青铜铸成，刻有难以辨认的文字，据说是带有好运的饰物。
装备：幸运＋15","西周時代所流傳下來的古物，以青銅鑄成，刻有難以辨認的文字，據說是帶有好運的飾物。
裝備：幸運＋15"
Configs/Items/Accessories/ShenLongJieZhi,Text,,神龙戒指,神龍戒指
Configs/Items/Accessories/ShenLongJieZhi_Desc,Text,,"戒指身上有龙麟纹路，龙首龙尾正面相衔，象征著天地循环，生死兴衰之理。传言戴上此戒指者，将具有掌握生死胜负的实力。
装备：攻击＋12、防御＋12","戒指身上有龍麟紋路，龍首龍尾正面相銜，象徵著天地循環，生死興衰之理。傳言戴上此戒指者，將具有掌握生死勝負的實力。
裝備：攻擊＋12、防禦＋12"
Configs/Items/Accessories/ShenShouYan,Text,,神兽砚,神獸硯
Configs/Items/Accessories/ShenShouYan_Desc,Text,,"周代古物，为四围镀金的青铜砚台，其上镶有五色宝石。
装备：防御＋10、幸运＋25","周代古物，為四圍鍍金的青銅硯台，其上鑲有五色寶石。
裝備：防禦＋10、幸運＋25"
Configs/Items/Accessories/ShengXinKou,Text,,圣心扣,聖心扣
Configs/Items/Accessories/ShengXinKou_Desc,Text,,"以铜环为扣的白绸腰带，不但造型合于礼式，而且古朴典雅，是文人雅士的偏好的饰物。
装备：命中＋5、闪避＋5、幸运＋10","以銅環為釦的白綢腰帶，不但造型合於禮式，而且古樸典雅，是文人雅士的偏好的飾物。
裝備：命中＋5、閃避＋5、幸運＋10"
Configs/Items/Accessories/TaXueWuHen,Text,,踏雪无痕,踏雪無痕
Configs/Items/Accessories/TaXueWuHen_Desc,Text,,"穿上此靴之后全身重量轻若柔絮，站在雪地上也不会留下痕迹，面对敌人的攻击力量也能轻松回避。
装备：闪避+10","穿上此靴之後全身重量輕若柔絮，站在雪地上也不會留下痕跡，面對敵人的攻擊力量也能輕鬆迴避。
裝備：閃避+10"
Configs/Items/Accessories/TianGangGuan,Text,,天罡冠,天罡冠
Configs/Items/Accessories/TianGangGuan_Desc,Text,,"刻有天罡三十六星的战盔，能招引天罡护体，大幅提升防御力。
装备：防御＋25、闪避＋25","刻有天罡三十六星的戰盔，能招引天罡護體，大幅提昇防禦力。
裝備：防禦＋25、閃避＋25"
Configs/Items/Accessories/TieJieZhi,Text,,铁指环,鐵指環
Configs/Items/Accessories/TieJieZhi_Desc,Text,,"江湖人士进身搏击时所用的装备，套在拳面四指之上，能轻易地敲碎敌人的头骨。
装备：攻击＋15","江湖人士進身搏擊時所用的裝備，套在拳面四指之上，能輕易地敲碎敵人的頭骨。
裝備：攻擊＋15"
Configs/Items/Accessories/TieTouZi,Text,,铁骰子,鐵骰子
Configs/Items/Accessories/TieTouZi_Desc,Text,,"用千年玄铁铸剑时留下来的余铁，经过龙炉六熔六凝，铸造成型的骰子，原本只是铁匠余暇所做，却带有玄铁的刚毅之气。
装备：防御＋5","用千年玄鐵鑄劍時留下來的餘鐵，經過龍爐六熔六凝，鑄造成型的骰子，原本只是鐵匠餘暇所做，卻帶有玄鐵的剛毅之氣。
裝備：防禦＋5"
Configs/Items/Accessories/TongQueJieZhi,Text,,铜雀戒指,銅雀戒指
Configs/Items/Accessories/TongQueJieZhi_Desc,Text,,"戒指上刻有一只铜雀，长宽高皆不过半吋，然而羽翼分明，动态跃然，具有高度的工艺艺术价值。
装备：命中＋6、闪避＋12、幸运＋8","戒指上刻有一隻銅雀，長寬高皆不過半吋，然而羽翼分明，動態躍然，具有高度的工藝藝術價值。
裝備：命中＋6、閃避＋12、幸運＋8"
Configs/Items/Accessories/WeiZhuangJieZhi,Text,,伪装戒指,偽裝戒指
Configs/Items/Accessories/WeiZhuangJieZhi_Desc,Text,,"自古以来流传在世间的神奇戒指，俱有隐藏自己的能力，装备后可降低30％遭遇随机战斗的机率。
装备：防御＋5、闪避＋5","自古以來流傳在世間的神奇戒指，俱有隱藏自己的能力，裝備後可降低30％遭遇隨機戰鬥的機率。
裝備：防禦＋5、閃避＋5"
Configs/Items/Accessories/WuChangJie,Text,,无常戒,無常戒
Configs/Items/Accessories/WuChangJie_Desc,Text,,"相传由上古仙人遗留在人间的神秘戒指，战斗开始时，所有我方人物的行动时序提前１～３位。
装备：速度＋20","相傳由上古仙人遺留在人間的神秘戒指，戰鬥開始時，所有我方人物的行動時序提前１～３位。
裝備：速度＋20"
Configs/Items/Accessories/WuChenJie,Text,,无嗔戒,無嗔戒
Configs/Items/Accessories/WuChenJie_Desc,Text,,"相传由上古仙人遗留在人间的神秘戒指，战斗结束后，装备者将自己的经验值乘以２～３倍，平均分配给其他存活的队员。
装备：防御＋50","相傳由上古仙人遺留在人間的神秘戒指，戰鬥結束後，裝備者將自己的經驗值乘以２～３倍，平均分配給其他存活的隊員。
裝備：防禦＋50"
Configs/Items/Accessories/WuDaoJie,Text,,无道戒,無道戒
Configs/Items/Accessories/WuDaoJie_Desc,Text,,"相传由上古仙人遗留在人间的神秘戒指，战斗结束后，获得的银两乘以２～５倍。
装备：移动＋5","相傳由上古仙人遺留在人間的神秘戒指，戰鬥結束後，獲得的銀兩乘以２～５倍。
裝備：移動＋5"
Configs/Items/Accessories/WuFangJie,Text,,无方戒,無方戒
Configs/Items/Accessories/WuFangJie_Desc,Text,,"相传由上古仙人遗留在人间的神秘戒指，战斗结束后，装备者获得的JP值均乘以２～３倍。
装备：命中＋50","相傳由上古仙人遺留在人間的神秘戒指，戰鬥結束後，裝備者獲得的JP值均乘以２～３倍。
裝備：命中＋50"
Configs/Items/Accessories/WuShuangJie,Text,,无双戒,無雙戒
Configs/Items/Accessories/WuShuangJie_Desc,Text,,"相传由上古仙人遗留在人间的神秘戒指，战斗结束后，装备者的生命及内力完全恢复，异常状态亦全部解除。
装备：攻击＋50","相傳由上古仙人遺留在人間的神秘戒指，戰鬥結束後，裝備者的生命及內力完全恢復，異常狀態亦全部解除。
裝備：攻擊＋50"
Configs/Items/Accessories/WuXinJie,Text,,无心戒,無心戒
Configs/Items/Accessories/WuXinJie_Desc,Text,,"相传由上古仙人遗留在人间的神秘戒指，战斗结束后，经验值由装备者独得。
装备：闪避＋50","相傳由上古仙人遺留在人間的神秘戒指，戰鬥結束後，經驗值由裝備者獨得。
裝備：閃避＋50"
Configs/Items/Accessories/XuWuJieZhi,Text,,虚无戒指,虛無戒指
Configs/Items/Accessories/XuWuJieZhi_Desc,Text,,"相传由上古仙人遗留在人间的神秘戒指，可避免任何的随机战斗。
装备：防御＋10、闪避＋10","相傳由上古仙人遺留在人間的神秘戒指，可避免任何的隨機戰鬥。
裝備：防禦＋10、閃避＋10"
Configs/Items/Accessories/XueXiaGuan,Text,,雪霞冠,雪霞冠
Configs/Items/Accessories/XueXiaGuan_Desc,Text,,"其上绘以云形霞纹的战盔，材质特殊，重量甚轻，完全不会造成装备者行动上的负担。
装备：命中＋2、闪避＋2、速度＋2","其上繪以雲形霞紋的戰盔，材質特殊，重量甚輕，完全不會造成裝備者行動上的負擔。
裝備：命中＋2、閃避＋2、速度＋2"
Configs/Items/Accessories/YaoLingGuan,Text,,妖灵冠,妖靈冠
Configs/Items/Accessories/YaoLingGuan_Desc,Text,,"原本只是一般文人所戴的头盔，在制造时正逢天煞地孤的时刻，因而受到诅咒，能使装备者的力量大增，动则伤人，反而成为江湖人士最爱。
装备：攻击＋8","原本只是一般文人所戴的頭盔，在製造時正逢天煞地孤的時刻，因而受到詛咒，能使裝備者的力量大增，動則傷人，反而成為江湖人士最愛。
裝備：攻擊＋8"
Configs/Items/Accessories/YiYuJin,Text,,苡萭巾,苡瑀巾
Configs/Items/Accessories/YiYuJin_Desc,Text,,"乍看只是纹饰朴素的手巾，但却是由蜀锦细密制成的精工之物，价格非凡。
装备：命中＋8、闪避＋8、速度+1、幸运+4","乍看只是紋飾樸素的手巾，但卻是由蜀錦細密製成的精工之物，價格非凡。
裝備：命中＋8、閃避＋8、速度+1、幸運+4"
Configs/Items/Accessories/YinCangJieZhi,Text,,隐藏戒指,隱藏戒指
Configs/Items/Accessories/YinCangJieZhi_Desc,Text,,"自古以来流传在世间的神奇戒指，俱有隐藏自己的能力，装备后可降低50％遭遇随机战斗的机率。
装备：防御＋5、闪避＋10","自古以來流傳在世間的神奇戒指，俱有隱藏自己的能力，裝備後可降低50％遭遇隨機戰鬥的機率。
裝備：防禦＋5、閃避＋10"
Configs/Items/Accessories/YinJi,Text,,银骥,銀驥
Configs/Items/Accessories/YinJi_Desc,Text,,"白马将军公孙瓒的爱马之一，白毛银鬃，无丝毫杂色，且久经战阵，对于战场上的行动非常熟悉。
装备：移动＋2","白馬將軍公孫瓚的愛馬之一，白毛銀鬃，無絲毫雜色，且久經戰陣，對於戰場上的行動非常熟悉。
裝備：移動＋2"
Configs/Items/Accessories/YinJieZhi,Text,,银戒指,銀戒指
Configs/Items/Accessories/YinJieZhi_Desc,Text,,"用纯银打造的戒指，上面刻有古篆『吉祥如意』四个字，是幸运吉祥的物品。
装备：幸运＋5","用純銀打造的戒指，上面刻有古篆『吉祥如意』四個字，是幸運吉祥的物品。
裝備：幸運＋5"
Configs/Items/Accessories/YinZaGuan,Text,,银匝冠,銀匝冠
Configs/Items/Accessories/YinZaGuan_Desc,Text,,"头冠上串连银环十五匝，光彩耀人，听说能让装备者趋吉化凶、提升运气。
装备：防御＋8、幸运＋12","頭冠上串連銀環十五匝，光彩耀人，聽說能讓裝備者趨吉化兇、提升運氣。
裝備：防禦＋8、幸運＋12"
Configs/Items/Accessories/YuLingLong,Text,,玉玲珑,玉玲瓏
Configs/Items/Accessories/YuLingLong_Desc,Text,,"以巧夺天功的技术以青玉所制成的铃铛，能使配戴者警觉到危险、避危趋安。
装备：防御＋20、闪避＋20、速度＋2","以巧奪天功的技術以青玉所製成的鈴鐺，能使配戴者警覺到危險、避危趨安。
裝備：防禦＋20、閃避＋20、速度＋2"
Configs/Items/Accessories/YuTouZi,Text,,玉骰子,玉骰子
Configs/Items/Accessories/YuTouZi_Desc,Text,,"用西域美玉所刻成的六面骰，待在身上能让人心情稳定，容易掌握身边的动态。
装备：命中＋5","用西域美玉所刻成的六面骰，待在身上能讓人心情穩定，容易掌握身邊的動態。
裝備：命中＋5"
Configs/Items/Accessories/YunWenLongXingXue,Text,,云纹龙形靴,雲紋龍形靴
Configs/Items/Accessories/YunWenLongXingXue_Desc,Text,,"鞋面绣以银丝白云，云彩之间隐现飞龙之形，具有极高的艺术价值。鞋面银绣具有部分的具有防御效果。
装备：防御＋10","鞋面繡以銀絲白雲，雲彩之間隱現飛龍之形，具有極高的藝術價值。鞋面銀繡具有部分的具有防禦效果。
裝備：防禦＋10"
Configs/Items/Accessories/ZhanKuangShi,Text,,战狂石,戰狂石
Configs/Items/Accessories/ZhanKuangShi_Desc,Text,,在西域古战场所获得的奇石，其上带有千百年来的战士之血，整颗石头已然呈现血液凝结之后的暗褐色，表面温润平滑，具有极为诡异而难以言喻的美感。,在西域古戰場所獲得的奇石，其上帶有千百年來的戰士之血，整顆石頭已然呈現血液凝結之後的暗褐色，表面溫潤平滑，具有極為詭異而難以言喻的美感。
Configs/Items/Accessories/ZhenXieYaoDai,Text,,镇邪腰带,鎮邪腰帶
Configs/Items/Accessories/ZhenXieYaoDai_Desc,Text,,腰带的环扣做成左右两只瑞兽之形，据说有镇伏群邪的功用。,腰帶的環釦做成左右兩隻瑞獸之形，據說有鎮伏群邪的功用。
Configs/Items/Accessories/ZiYuJinJiGuan,Text,,紫玉金鸰冠,紫玉金鴒冠
Configs/Items/Accessories/ZiYuJinJiGuan_Desc,Text,,"传说中后羿射下九日之后，众人拜后羿为王，并以此冠代表其王位。冠上有紫玉晶，能开人灵窍，增加配戴者的功力。
装备：命中＋5、闪避＋5、速度＋5","傳說中后羿射下九日之後，眾人拜后羿為王，並以此冠代表其王位。冠上有紫玉晶，能開人靈竅，增加配戴者的功力。
裝備：命中＋5、閃避＋5、速度＋5"
Configs/Items/Accessories/ZiYunXue,Text,,紫云靴,紫雲靴
Configs/Items/Accessories/ZiYunXue_Desc,Text,,"以黑色丝绸为底，左右脚上各绣有六片紫云的靴子，含有腾云夜行之意。不只提升移动值，更能加强装备者的防御能力。
装备：防御＋8、闪避＋8、移动＋1","以黑色絲綢為底，左右腳上各繡有六片紫雲的靴子，含有騰雲夜行之意。不只提升移動值，更能加強裝備者的防禦能力。
裝備：防禦＋8、閃避＋8、移動＋1"
Configs/Items/Armors/BaiNiaoChaoFeng,Text,,百鸟朝凰,百鳥朝凰
Configs/Items/Armors/BaiNiaoChaoFeng_Desc,Text,,"以金线银丝绣上一百零一只不同的鸟类，并且呈现百鸟朝凰的精致构图，其艺术价值已然达到中华织绣的最高境界。
装备：防御＋12、闪避＋15","以金線銀絲繡上一百零一隻不同的鳥類，並且呈現百鳥朝凰的精緻構圖，其藝術價值已然達到中華織繡的最高境界。
裝備：防禦＋12、閃避＋15"
Configs/Items/Armors/BaiYi,Text,,白衣,白衣
Configs/Items/Armors/BaiYi_Desc,Text,,"白衣是比较避讳的称呼，其实是勇士为了某些任务绝心赴死的时候，所预先穿上的寿衣，象征了某种一往不覆的精神。
装备：防御＋3、闪避＋15","白衣是比較避諱的稱呼，其實是勇士為了某些任務絕心赴死的時候，所預先穿上的壽衣，象徵了某種一往不覆的精神。
裝備：防禦＋3、閃避＋15"
Configs/Items/Armors/CanSiYi,Text,,蚕丝衣,蠶絲衣
Configs/Items/Armors/CanSiYi_Desc,Text,,"用江南一带春季初收的蚕丝所制成的衣裳，重量轻、衣质细，而且相当保暖。
装备：防御＋3、闪避＋6","用江南一帶春季初收的蠶絲所製成的衣裳，重量輕、衣質細，而且相當保暖。
裝備：防禦＋3、閃避＋6"
Configs/Items/Armors/ChaoHaiYi,Text,,潮海衣,潮海衣
Configs/Items/Armors/ChaoHaiYi_Desc,Text,,"其上写有『相恨未如潮有信、相思始觉海非深』的白衣，似乎是女子为情人所做的衣服，其上具有浓厚的思念。
装备：防御＋6、闪避＋6","其上寫有『相恨未如潮有信、相思始覺海非深』的白衣，似乎是女子為情人所做的衣服，其上具有濃厚的思念。
裝備：防禦＋6、閃避＋6"
Configs/Items/Armors/ChuJinPao,Text,,楚锦袍,楚錦袍
Configs/Items/Armors/ChuJinPao_Desc,Text,,"楚锦、襄织皆为中原织造品的一时之选。楚锦样式大方，但在细部的做工上特别注意，是士大夫所偏好的服装。
装备：防御＋3、闪避＋12","楚錦、襄織皆為中原織造品的一時之選。楚錦樣式大方，但在細部的做工上特別注意，是士大夫所偏好的服裝。
裝備：防禦＋3、閃避＋12"
Configs/Items/Armors/CiJia,Text,,刺甲,刺甲
Configs/Items/Armors/CiJia_Desc,Text,,"在肩膀、关节等部位装上钢刺的铠甲，不但具有基本的防御力，也提升了装备者的攻击力。
装备：防御＋12","在肩膀、關節等部位裝上鋼刺的鎧甲，不但具有基本的防禦力，也提升了裝備者的攻擊力。
裝備：防禦＋12"
Configs/Items/Armors/GuiJiaYi,Text,,龟甲衣,龜甲衣
Configs/Items/Armors/GuiJiaYi_Desc,Text,,"以大海龟的板骨所制成的特殊服装—其实已然可说是一件轻型的铠甲，其中前胸、腹部、背后都有龟甲防御，防御值在衣袍类护具中属于第一级，实战价值无庸置疑，唯一的缺点就是美感上逊色了些。
装备：防御＋18","以大海龜的板骨所製成的特殊服裝—其實已然可說是一件輕型的鎧甲，其中前胸、腹部、背後都有龜甲防禦，防禦值在衣袍類護具中屬於第一級，實戰價值無庸置疑，唯一的缺點就是美感上遜色了些。
裝備：防禦＋18"
Configs/Items/Armors/HaoShenJia,Text,,昊神甲,昊神甲
Configs/Items/Armors/HaoShenJia_Desc,Text,,"肩甲上刻著左日右月，附带有穹光之力全身甲胄，带有神圣的气息，能够抗邪破魔，是武者不可多得的宝物。
装备：防御＋21、闪避＋3","肩甲上刻著左日右月，附帶有穹光之力全身甲冑，帶有神聖的氣息，能夠抗邪破魔，是武者不可多得的寶物。
裝備：防禦＋21、閃避＋3"
Configs/Items/Armors/HuXiangLongWenKai,Text,,虎项龙纹铠,虎項龍紋鎧
Configs/Items/Armors/HuXiangLongWenKai_Desc,Text,,"汇聚了龙虎之力的神异铠甲，不但防御力冠绝群伦，还蕴含了难以言喻的巨大力量，是铠甲护具中的王者。
装备：防御＋39","匯聚了龍虎之力的神異鎧甲，不但防禦力冠絕群倫，還蘊含了難以言喻的巨大力量，是鎧甲護具中的王者。
裝備：防禦＋39"
Configs/Items/Armors/HuXinJia,Text,,护心甲,護心甲
Configs/Items/Armors/HuXinJia_Desc,Text,,"以铁板护住胸口心脉，防御效果极为有限，但完全不会影响活动闪避。
装备：防御＋8、闪避＋8","以鐵板護住胸口心脈，防禦效果極為有限，但完全不會影響活動閃避。
裝備：防禦＋8、閃避＋8"
Configs/Items/Armors/HuaShaPiFeng,Text,,黄沙披风,黃沙披風
Configs/Items/Armors/HuaShaPiFeng_Desc,Text,,"西羌一族的宝物，甚少赠与外人。此披风具有特殊的保护色，穿上此披风者于沙漠之中几乎完全不会被发觉。
装备：防御＋6、闪避＋12","西羌一族的寶物，甚少贈與外人。此披風具有特殊的保護色，穿上此披風者於沙漠之中幾乎完全不會被發覺。
裝備：防禦＋6、閃避＋12"
Configs/Items/Armors/HuangLongZhanJia,Text,,皇龙战甲,皇龍戰甲
Configs/Items/Armors/HuangLongZhanJia_Desc,Text,,"龙蛇老人重造龙纹甲，完成这一件惊世骇俗的战甲，不但防御力超强，而且铠甲上还附有神龙之力，可令穿著者面临任何攻击都毫无破绽，是铠甲类防具的王者。
装备：防御＋36","龍蛇老人重造龍紋甲，完成這一件驚世駭俗的戰甲，不但防禦力超強，而且鎧甲上還附有神龍之力，可令穿著者面臨任何攻擊都毫無破綻，是鎧甲類防具的王者。
裝備：防禦＋36"
Configs/Items/Armors/HunTianBaoJia,Text,,混天宝甲,渾天寶甲
Configs/Items/Armors/HunTianBaoJia_Desc,Text,,"将特殊的符印刻于铠甲之上，能融合六道三界的能量，不但防御力一流，于闪避率也有相当的优势。
装备：防御＋30、闪避＋6","將特殊的符印刻於鎧甲之上，能融合六道三界的能量，不但防禦力一流，於閃避率也有相當的優勢。
裝備：防禦＋30、閃避＋6"
Configs/Items/Armors/JiangJunKai,Text,,将军铠,將軍鎧
Configs/Items/Armors/JiangJunKai_Desc,Text,,"战阵之上将领才能穿的特殊铠甲，兼顾了防御性与必要的华丽感，是所有武人梦寐以求的逸品。
装备：防御＋24","戰陣之上將領才能穿的特殊鎧甲，兼顧了防禦性與必要的華麗感，是所有武人夢寐以求的逸品。
裝備：防禦＋24"
Configs/Items/Armors/JinHuanJia,Text,,金环甲,金環甲
Configs/Items/Armors/JinHuanJia_Desc,Text,,"以一千八百个铜环所制成的环甲，重量相当重，但防御效果已然是凡物中第一流的水准。
装备：防御＋27","以一千八百個銅環所製成的環甲，重量相當重，但防禦效果已然是凡物中第一流的水準。
裝備：防禦＋27"
Configs/Items/Armors/JinYuPiFeng,Text,,金羽披风,金羽披風
Configs/Items/Armors/JinYuPiFeng_Desc,Text,,"以大鹏金翅鸟的羽毛制成的披风，充满著金色光泽，并具有著一种难以言喻的威猛气质，是匈奴一族非常珍视的宝物。
装备：防御＋6、闪避＋15","以大鵬金翅鳥的羽毛製成的披風，充滿著金色光澤，並具有著一種難以言喻的威猛氣質，是匈奴一族非常珍視的寶物。
裝備：防禦＋6、閃避＋15"
Configs/Items/Armors/JingBingJia,Text,,晶冰甲,晶冰甲
Configs/Items/Armors/JingBingJia_Desc,Text,,"用千年寒铁为材料，佐以天山冰晶所铸成的冰寒之铠，能令穿著者不畏烈炎。
装备：防御＋15、闪避＋6","用千年寒鐵為材料，佐以天山冰晶所鑄成的冰寒之鎧，能令穿著者不畏烈炎。
裝備：防禦＋15、閃避＋6"
Configs/Items/Armors/JinlvYi,Text,,金缕衣,金縷衣
Configs/Items/Armors/JinlvYi_Desc,Text,,"汉朝时代的贵重之物，以金线串连玉片，组成覆盖全身的华贵服装，只有贵族才穿的起。出乎意料地，并不至于重看不中用。
装备：防御＋9、闪避＋6","漢朝時代的貴重之物，以金線串連玉片，組成覆蓋全身的華貴服裝，只有貴族才穿的起。出乎意料地，並不至於重看不中用。
裝備：防禦＋9、閃避＋6"
Configs/Items/Armors/LeiWenJia,Text,,雷纹甲,雷紋鎧
Configs/Items/Armors/LeiWenJia_Desc,Text,,"由铜铁合金铸成的重装铠甲，上有雷电之纹，似乎能与天雷闪电的力量引发共鸣。
装备：防御＋24","由銅鐵合金鑄成的重裝鎧甲，上有雷電之紋，似乎能與天雷閃電的力量引發共鳴。
裝備：防禦＋24"
Configs/Items/Armors/LieHuoJia,Text,,烈火甲,烈火甲
Configs/Items/Armors/LieHuoJia_Desc,Text,,"铠甲上有六道圣火之形，能消灭四周的异界能量，降低非物理性的伤害。
装备：防御＋15、闪避＋6","鎧甲上有六道聖火之形，能消滅四周的異界能量，降低非物理性的傷害。
裝備：防禦＋15、閃避＋6"
Configs/Items/Armors/LieHuoJinChen,Text,,烈火金尘,烈火金塵
Configs/Items/Armors/LieHuoJinChen_Desc,Text,,"以天炎锦、金羽披风、黄沙披风三项外族宝物所合并成的绝世珍宝，能让穿著者的力量发挥至淋漓尽致的境界，其真实价值难以估算。
装备：防御＋15、闪避＋21","以天炎錦、金羽披風、黃沙披風三項外族寶物所合併成的絕世珍寶，能讓穿著者的力量發揮至淋漓盡致的境界，其真實價值難以估算。
裝備：防禦＋15、閃避＋21"
Configs/Items/Armors/LongPanHuJuPao,Text,,龙盘虎踞袍,龍盤虎踞袍
Configs/Items/Armors/LongPanHuJuPao_Desc,Text,,"纯白的道袍上绘制了盘龙夺海、猛虎踞山的特殊造型，在道教的思想中，龙虎都是护法神兽，所以此道袍具有卫道护法的意义。
装备：防御＋18、闪避＋6","純白的道袍上繪製了盤龍奪海、猛虎踞山的特殊造型，在道教的思想中，龍虎都是護法神獸，所以此道袍具有衛道護法的意義。
裝備：防禦＋18、閃避＋6"
Configs/Items/Armors/LongWenKai,Text,,龙纹铠,龍紋鎧
Configs/Items/Armors/LongWenKai_Desc,Text,,"全身型的鳞甲，在每片铁鳞上做特殊的加工，使其带有金色的光彩，极为华丽，而防御效果则是中等水准。
装备：防御＋18","全身型的鱗甲，在每片鐵鱗上做特殊的加工，使其帶有金色的光彩，極為華麗，而防禦效果則是中等水準。
裝備：防禦＋18"
Configs/Items/Armors/MaBuYi,Text,,麻布衣,麻布衣
Configs/Items/Armors/MaBuYi_Desc,Text,,"一般百姓所穿著的麻布衣，相当通风凉爽，是非常普遍的民生必需品。
装备：防御＋6、闪避＋6","一般百姓所穿著的麻布衣，相當通風涼爽，是非常普遍的民生必需品。
裝備：防禦＋6、閃避＋6"
Configs/Items/Armors/MengSheHuanJia,Text,,梦蛇幻甲,夢蛇幻甲
Configs/Items/Armors/MengSheHuanJia_Desc,Text,,"龙蛇老人以蛇鳞铠为基础改良而成的奇异铠甲，不但防御力一流，而且还能大幅增加穿戴者的闪避，同时提升穿著者的内元，确乃稀世神物。
装备：防御＋27、闪避＋12","龍蛇老人以蛇鱗鎧為基礎改良而成的奇異鎧甲，不但防禦力一流，而且還能大幅增加穿戴者的閃避，同時提升穿著者的內元，確乃稀世神物。
裝備：防禦＋27、閃避＋12"
Configs/Items/Armors/MianPao,Text,,棉袍,棉袍
Configs/Items/Armors/MianPao_Desc,Text,,"一般民众冬天所穿著的衣物，注重保暖性质而较为厚重，不利于行动。
装备：防御＋6","一般民眾冬天所穿著的衣物，注重保暖性質而較為厚重，不利於行動。
裝備：防禦＋6"
Configs/Items/Armors/MingJingKai,Text,,明镜铠,明鏡鎧
Configs/Items/Armors/MingJingKai_Desc,Text,,"这件铠甲具有令穿著者神台清澈、心如明镜的力量，可令人于战阵之中也不置于迷失本性。
装备：防御＋12","這件鎧甲具有令穿著者神台清澈、心如明鏡的力量，可令人於戰陣之中也不置於迷失本性。
裝備：防禦＋12"
Configs/Items/Armors/NanManFu,Text,,南蛮服,南蠻服
Configs/Items/Armors/NanManFu_Desc,Text,,"南蛮一族日常所穿的服装，与中原服饰大有不同，对于其他外族而言也是非常希罕的物品。虽然没有实用价值，但可作为收藏之用。
装备：防御＋6、闪避＋15","南蠻一族日常所穿的服裝，與中原服飾大有不同，對於其他外族而言也是非常希罕的物品。雖然沒有實用價值，但可作為收藏之用。
裝備：防禦＋6、閃避＋15"
Configs/Items/Armors/PanShiJia,Text,,磐石甲,磐石甲
Configs/Items/Armors/PanShiJia_Desc,Text,,"取意于『坚若磐石』，而被命名为『磐石甲』的全身甲胄，里外共三层铁衬，防御效果极佳。
装备：防御＋21","取意於『堅若磐石』，而被命名為『磐石甲』的全身甲冑，裡外共三層鐵襯，防禦效果極佳。
裝備：防禦＋21"
Configs/Items/Armors/QiXingJia,Text,,七星甲,七星甲
Configs/Items/Armors/QiXingJia_Desc,Text,,"以玄铁与白银和铸的铠甲，上面镶有数颗碧火龙睛，排列为七星之形。能招引穹苍万星之力，乃稀世之神物。
装备：防御＋28、闪避＋6","以玄鐵與白銀和鑄的鎧甲，上面鑲有數顆碧火龍睛，排列為七星之形。能招引穹蒼萬星之力，乃稀世之神物。
裝備：防禦＋28、閃避＋6"
Configs/Items/Armors/QianHePao,Text,,千鹤袍,千鶴袍
Configs/Items/Armors/QianHePao_Desc,Text,,"黑色的绸衣上织著型态各异的千只丹顶白鹤，具有浓厚的庆寿之意，据说可以使穿著者延命长寿。
装备：防御＋9、闪避＋12","黑色的綢衣上織著型態各異的千隻丹頂白鶴，具有濃厚的慶壽之意，據說可以使穿著者延命長壽。
裝備：防禦＋9、閃避＋12"
Configs/Items/Armors/QianJiaoJia,Text,,潜蛟甲,潛蛟甲
Configs/Items/Armors/QianJiaoJia_Desc,Text,,"龙蛇老人于进行龙蛇变时失败的作品，虽说是失败之作，但仍然远远超越世俗护甲的水准，是凡人难求的神物。
装备：防御＋30","龍蛇老人於進行龍蛇變時失敗的作品，雖說是失敗之作，但仍然遠遠超越世俗護甲的水準，是凡人難求的神物。
裝備：防禦＋30"
Configs/Items/Armors/QianLingYuYi,Text,,千翎羽衣,千翎羽衣
Configs/Items/Armors/QianLingYuYi_Desc,Text,,"以数百种鸟类的羽毛制成的羽衣，据说有仙缘者，穿上此衣即可登列仙列，不过从没人亲眼证实。
装备：防御＋9、闪避＋12","以數百種鳥類的羽毛製成的羽衣，據說有仙緣者，穿上此衣即可登列仙列，不過從沒人親眼證實。
裝備：防禦＋9、閃避＋12"
Configs/Items/Armors/QianYanYi,Text,,千眼衣,千眼衣
Configs/Items/Armors/QianYanYi_Desc,Text,,"其上画有千眼的奇装异服，仿佛千眼遍布全身，可以看见来自四面八方的动态。
装备：防御＋6、闪避＋30","其上畫有千眼的奇裝異服，彷彿千眼遍佈全身，可以看見來自四面八方的動態。
裝備：防禦＋6、閃避＋30"
Configs/Items/Armors/SangLingKai,Text,,丧灵铠,喪靈甲
Configs/Items/Armors/SangLingKai_Desc,Text,,"刻有三千邪鬼的魔道铠甲，充满著邪灵的愤恨之气，常令穿著者不自觉地陷入杀戮的情绪。
装备：防御＋33","刻有三千邪鬼的魔道鎧甲，充滿著邪靈的憤恨之氣，常令穿著者不自覺地陷入殺戮的情緒。
裝備：防禦＋33"
Configs/Items/Armors/SheLinKai,Text,,蛇鳞铠,蛇鱗鎧
Configs/Items/Armors/SheLinKai_Desc,Text,,"半身型的鳞甲，只防御上半身各重要部位，铁鳞色彩黯淡，穿于身上有如蛇纹，虽然不甚美观，但大幅减低了重量，而得防御与闪避得以兼顾。
装备：防御＋15、闪避＋6","半身型的鱗甲，只防禦上半身各重要部位，鐵鱗色彩黯淡，穿於身上有如蛇紋，雖然不甚美觀，但大幅減低了重量，而得防禦與閃避得以兼顧。
裝備：防禦＋15、閃避＋6"
Configs/Items/Armors/SuoLianJia,Text,,锁链甲,鎖鍊甲
Configs/Items/Armors/SuoLianJia_Desc,Text,,"战阵之上常见的防身铠甲，以锁链条组合而成，不至于过于沈重，而防御力也有一定的水准。
装备：防御＋18","戰陣之上常見的防身鎧甲，以鎖鍊條組合而成，不至於過於沈重，而防禦力也有一定的水準。
裝備：防禦＋18"
Configs/Items/Armors/TengJia,Text,,藤甲,籐甲
Configs/Items/Armors/TengJia_Desc,Text,,"重量最轻的铠甲类护具，对远程武器的防御力极佳，但是非常怕火。
装备：防御＋12、闪避＋12","重量最輕的鎧甲類護具，對遠程武器的防禦力極佳，但是非常怕火。
裝備：防禦＋12、閃避＋12"
Configs/Items/Armors/TianMoJia,Text,,天魔甲,天魔甲
Configs/Items/Armors/TianMoJia_Desc,Text,,"刻有无上天魔造型的铜甲，蕴含著深不可测的魔道力量，非属一般的凡俗之物。
装备：防御＋18、闪避＋3","刻有無上天魔造型的銅甲，蘊含著深不可測的魔道力量，非屬一般的凡俗之物。
裝備：防禦＋18、閃避＋3"
Configs/Items/Armors/TianYanJin,Text,,天炎锦,天炎錦
Configs/Items/Armors/TianYanJin_Desc,Text,,"南蛮一族的宝物，相传有抗拒火焰的功效，不过从没人敢真的把它披上让火焰烧烧看。是最能代表南蛮一族的宝物。
装备：防御＋3、闪避＋12","南蠻一族的寶物，相傳有抗拒火焰的功效，不過從沒人敢真的把它披上讓火焰燒燒看。是最能代表南蠻一族的寶物。
裝備：防禦＋3、閃避＋12"
Configs/Items/Armors/TieBanJia,Text,,铁板甲,鐵板甲
Configs/Items/Armors/TieBanJia_Desc,Text,,"以六块厚重的铁板，装置成防御胸、腹、背、肩等部位的全身甲，造型非常粗劣，但确实具有实用价值。
装备：防御＋24","以六塊厚重的鐵板，裝置成防禦胸、腹、背、肩等部位的全身甲，造型非常粗劣，但確實具有實用價值。
裝備：防禦＋24"
Configs/Items/Armors/TongPianJia,Text,,铜片甲,銅片甲
Configs/Items/Armors/TongPianJia_Desc,Text,,"最基本的铠甲类型，以几十组铜片镶制，具有最基本防御值，是一般士兵的标准装备。
装备：防御＋10","最基本的鎧甲類型，以幾十組銅片鑲製，具有最基本防禦值，是一般士兵的標準裝備。
裝備：防禦＋10"
Configs/Items/Armors/WuPao,Text,,巫袍,巫袍
Configs/Items/Armors/WuPao_Desc,Text,,"匈奴巫祭所穿著的服装，据说穿说穿上件衣服可以吸引天地众灵的注意，使巫祭能与灵魄沟通。当然，这也仅止于听说而已。
装备：防御＋6、闪避＋12","匈奴巫祭所穿著的服裝，據說穿說穿上件衣服可以吸引天地眾靈的注意，使巫祭能與靈魄溝通。當然，這也僅止於聽說而已。
裝備：防禦＋6、閃避＋12"
Configs/Items/Armors/XiQiangFu,Text,,西羌服,西羌服
Configs/Items/Armors/XiQiangFu_Desc,Text,,"西羌一族日常所穿的服装，与中原服饰大有不同，对于其他外族而言也是非常希罕的物品。虽然没有实用价值，但可作为收藏之用。
装备：防御＋12、闪避＋6","西羌一族日常所穿的服裝，與中原服飾大有不同，對於其他外族而言也是非常希罕的物品。雖然沒有實用價值，但可作為收藏之用。
裝備：防禦＋12、閃避＋6"
Configs/Items/Armors/XiangZhiPao,Text,,襄织袍,襄織袍
Configs/Items/Armors/XiangZhiPao_Desc,Text,,"襄织的袍子纹路细致、其上织绣变化甚多，花草虫鱼皆极尽细致，颇受仕女喜爱。
装备：防御＋3、闪避＋6","襄織的袍子紋路細緻、其上織繡變化甚多，花草蟲魚皆極盡細緻，頗受仕女喜愛。
裝備：防禦＋3、閃避＋6"
Configs/Items/Armors/XiongNuFu,Text,,匈奴服,匈奴服
Configs/Items/Armors/XiongNuFu_Desc,Text,,"匈奴一族日常所穿的服装，与中原服饰大有不同，对于其他外族而言也是非常希罕的物品。虽然没有实用价值，但可作为收藏之用。
装备：防御＋9、闪避＋12","匈奴一族日常所穿的服裝，與中原服飾大有不同，對於其他外族而言也是非常希罕的物品。雖然沒有實用價值，但可作為收藏之用。
裝備：防禦＋9、閃避＋12"
Configs/Items/Armors/YingHongCuiLv,Text,,樱红翠绿,櫻紅翠綠
Configs/Items/Armors/YingHongCuiLv_Desc,Text,,"据闻是某位江南名妓所喜爱的服装，衣服上饰以红花绿叶，美人若画，令人赏心悦目。其上以碧玉装饰绿叶、红玉装饰樱花，一般人相信玉石的能量保护穿戴者的健康。
装备：防御＋3、闪避＋21","據聞是某位江南名妓所喜愛的服裝，衣服上飾以紅花綠葉，美人若畫，令人賞心悅目。其上以碧玉裝飾綠葉、紅玉裝飾櫻花，一般人相信玉石的能量保護穿戴者的健康。
裝備：防禦＋3、閃避＋21"
Configs/Items/Armors/ZiJinPao,Text,,紫金袍,紫金袍
Configs/Items/Armors/ZiJinPao_Desc,Text,,"以天蚕丝浸泡紫凰血，制成紫色的天蚕紫凰丝，再用一半的金丝合织为这件紫金袍。金丝与天蚕丝合织，其质轻如羽、韧如钢，是衣袍护具中的极品。
装备：防御＋12、闪避＋12","以天蠶絲浸泡紫凰血，製成紫色的天蠶紫凰絲，再用一半的金絲合織為這件紫金袍。金絲與天蠶絲合織，其質輕如羽、韌如鋼，是衣袍護具中的極品。
裝備：防禦＋12、閃避＋12"
Configs/Items/Medic/HeShaSan_Desc,Text,,"由十四种豆谷混和研磨而成的药粉，具有定心安神的功效。
药效：解除『误导』、『混乱』状态。","由十四種豆穀混和研磨而成的藥粉，具有定心安神的功效。
藥效：解除『誤導』、『混亂』狀態。"
Configs/Items/Medics/BingYanCao,Text,,冰焰草,冰焰草
Configs/Items/Medics/BingYanCao_Desc,Text,,"相当希罕的特殊植物，有破霜灭焰的特殊功效。
药效：解除『燃烧』、『冰冻』等状态。","相當希罕的特殊植物，有破霜滅焰的特殊功效。
藥效：解除『燃燒』、『冰凍』等狀態。"
Configs/Items/Medics/ChangBaiGuShen,Text,,长白古参,長白古蔘
Configs/Items/Medics/ChangBaiGuShen_Desc,Text,,"非常珍贵的千年老参，食用后可以增强内元。
药效：内力值上限永久增加10点。","非常珍貴的千年老蔘，食用後可以增強內元。
藥效：內力值上限永久增加10點。"
Configs/Items/Medics/DaPeiYuanDan,Text,,大培元丹,大培元丹
Configs/Items/Medics/DaPeiYuanDan_Desc,Text,,"以灵芝、肉桂为主材所炼制而成的丹药，有培元之能。此丹药效力更胜于培元丹。
药效：内力恢复150点。","以靈芝、肉桂為主材所煉製而成的丹藥，有培元之能。此丹藥效力更勝於培元丹。
藥效：內力恢復150點。"
Configs/Items/Medics/DaXuMingDan,Text,,大续命丹,大續命丹
Configs/Items/Medics/DaXuMingDan_Desc,Text,,"以参粉、虎骨为主材所制成的丹药，有续命之功。此丹药效力更胜于续命丹。
药效：恢复生命150点。","以蔘粉、虎骨為主材所製成的丹藥，有續命之功。此丹藥效力更勝於續命丹。
藥效：恢復生命150點。"
Configs/Items/Medics/DuYunYan,Text,,毒云烟,毒雲煙
Configs/Items/Medics/DuYunYan_Desc,Text,,"三阴奇毒之一，稍稍吸入就会令人中毒。
药效：造成『中毒』状态。","三陰奇毒之一，稍稍吸入就會令人中毒。
藥效：造成『中毒』狀態。"
Configs/Items/Medics/GuBenPeiYuanDan,Text,,固本培元丹,固本培元丹
Configs/Items/Medics/GuBenPeiYuanDan_Desc,Text,,"以灵芝、肉桂为主材所炼制而成的丹药，有培元之能。此丹药效力为最强。
药效：内力恢复220点。","以靈芝、肉桂為主材所煉製而成的丹藥，有培元之能。此丹藥效力為最強。
藥效：內力恢復220點。"
Configs/Items/Medics/HeShaSan,Text,,河沙散,河沙散
Configs/Items/Medics/HeShaSan_Desc,Text,,"由十四种豆谷混和研磨而成的药粉，具有定心安神的功效。
药效：解除『误导』、『混乱』状态。","由十四種豆穀混和研磨而成的藥粉，具有定心安神的功效。
藥效：解除『誤導』、『混亂』狀態。"
Configs/Items/Medics/HuangTianFuShui,Text,,黄天符水,黃天符水
Configs/Items/Medics/HuangTianFuShui_Desc,Text,,"在民间所信奉的太平道教中所用的符水，虽然不符合任何药理，但却有无法解释的神奇功效。
药效：解除『禁制』、『定身』、『诅咒』、『封印』等状态。","在民間所信奉的太平道教中所用的符水，雖然不符合任何藥理，但卻有無法解釋的神奇功效。
藥效：解除『禁制』、『定身』、『詛咒』、『封印』等狀態。"
Configs/Items/Medics/JinChuangYao,Text,,金创药,金創藥
Configs/Items/Medics/JinChuangYao_Desc,Text,,"出门在外必备良药，可以止伤去瘀。
药效：恢复生命、内力各30点","出門在外必備良藥，可以止傷去瘀。
藥效：恢復生命、內力各30點"
Configs/Items/Medics/JiuJinHuang,Text,,九蓳黄,九蓳黄
Configs/Items/Medics/JiuJinHuang_Desc,Text,,"特殊栽种的菫草，经过九浸九曝的手续，制成黄色的药草，有清瘴秽、解百毒的功效。
药效：解除『中毒』状态。","特殊栽種的菫草，經過九浸九曝的手續，製成黃色的藥草，有清瘴穢、解百毒的功效。
藥效：解除『中毒』狀態。"
Configs/Items/Medics/JiuZhuanXuMingDan,Text,,九转续命丹,九轉續命丹
Configs/Items/Medics/JiuZhuanXuMingDan_Desc,Text,,"以参粉、虎骨为主材所制成的丹药，有续命之功。此丹药效力为最强。
药效：恢复生命220点。","以蔘粉、虎骨為主材所製成的丹藥，有續命之功。此丹藥效力為最強。
藥效：恢復生命220點。"
Configs/Items/Medics/KunLunPanTao,Text,,昆仑蟠桃,崑崙蟠桃
Configs/Items/Medics/KunLunPanTao_Desc,Text,,"极为希罕的仙家圣物，食用后可以延寿增命。
药效：生命值上限永久增加10点。","極為希罕的仙家聖物，食用後可以延壽增命。
藥效：生命值上限永久增加10點。"
Configs/Items/Medics/LiuPoSan,Text,,六破散,六破散
Configs/Items/Medics/LiuPoSan_Desc,Text,,"非常狠毒的毒药，中毒者五感皆痺、内息散乱，与废人无异，名列三阴奇毒之首。
药效：解除『明镜』状态，并造成『破兵』、『破甲』、『昏眩』、『封锁』、『羁绊』等状态。","非常狠毒的毒藥，中毒者五感皆痺、內息散亂，與廢人無異，名列三陰奇毒之首。
藥效：解除『明鏡』狀態，並造成『破兵』、『破甲』、『昏眩』、『封鎖』、『羈絆』等狀態。"
Configs/Items/Medics/LuanXinChen,Text,,乱心尘,亂心塵
Configs/Items/Medics/LuanXinChen_Desc,Text,,"只要吸入此粉，三回合之内将心神尽失，敌我不分，乃三阴奇毒之一。
药效：造成『混乱』状态。","只要吸入此粉，三回合之內將心神盡失，敵我不分，乃三陰奇毒之一。
藥效：造成『混亂』狀態。"
Configs/Items/Medics/LuoHanDan,Text,,罗汉丹,羅漢丹
Configs/Items/Medics/LuoHanDan_Desc,Text,,"由枸杞、当归、灵芝、幼参炼制七七四时九天所得的丹药，具有培元续命之功。
药效：恢复生命、内力各80点","由枸杞、當歸、靈芝、幼蔘煉製七七四時九天所得的丹藥，具有培元續命之功。
藥效：恢復生命、內力各80點"
Configs/Items/Medics/PeiYuanDan,Text,,培元丹,培元丹
Configs/Items/Medics/PeiYuanDan_Desc,Text,,"以灵芝、肉桂为主材所炼制而成的丹药，有培元之能。
药效：内力恢复90点。","以靈芝、肉桂為主材所煉製而成的丹藥，有培元之能。
藥效：內力恢復90點。"
Configs/Items/Medics/QingJingDan,Text,,清净丹,清淨丹
Configs/Items/Medics/QingJingDan_Desc,Text,,"由清风散、薄荷草、玉瓣莲花所制成的丹药，可以平定情绪激动、令服用者神识清明。
药效：解除『死战』、『迷恋』状态。","由清風散、薄荷草、玉瓣蓮花所製成的丹藥，可以平定情緒激動、令服用者神識清明。
藥效：解除『死戰』、『迷戀』狀態。"
Configs/Items/Medics/ShenTongSan,Text,,神瞳散,神瞳散
Configs/Items/Medics/ShenTongSan_Desc,Text,,"以七种猛毒互相中和所制成特殊药粉，可令服用者神台清明、眼力大增。
药效：命中永久增加5点。","以七種猛毒互相中和所製成特殊藥粉，可令服用者神台清明、眼力大增。
藥效：命中永久增加5點。"
Configs/Items/Medics/TianMoJinDan,Text,,天魔金丹,天魔金丹
Configs/Items/Medics/TianMoJinDan_Desc,Text,,"来自西域的稀有丹药，可以提升服用者的力量，乃天下武者求之不得的名贵药物。
药效：攻击永久增加5点。","來自西域的稀有丹藥，可以提升服用者的力量，乃天下武者求之不得的名貴藥物。
藥效：攻擊永久增加5點。"
Configs/Items/Medics/TieNiuSan,Text,,铁牛散,鐵牛散
Configs/Items/Medics/TieNiuSan_Desc,Text,,"由龟甲粉、牛角、蛇涎所炼制而成的药粉，可以治愈各种内伤。
药效：解除『破兵』、『碎甲』等状态。","由龜甲粉、牛角、蛇涎所煉製而成的藥粉，可以治癒各種內傷。
藥效：解除『破兵』、『碎甲』等狀態。"
Configs/Items/Medics/WuXiangYaoBao,Text,,五香药包,五香藥包
Configs/Items/Medics/WuXiangYaoBao_Desc,Text,,"以五种香料、五种药材混和而成的特殊药包，只要使用得当，可治疗虚弱、麻痺等症状。也经常作为民家炖肉调味之用。
药效：解除『虚弱』、『麻痺』状态。","以五種香料、五種藥材混和而成的特殊藥包，只要使用得當，可治療虛弱、麻痺等症狀。也經常作為民家燉肉調味之用。
藥效：解除『虛弱』、『麻痺』狀態。"
Configs/Items/Medics/XianHeDan,Text,,仙鹤丹,仙鶴丹
Configs/Items/Medics/XianHeDan_Desc,Text,,"由鹤翎草、仙翁果、清风散混和而成的丹药，可以治疗五感麻痺、筋骨挫伤。
药效：解除『昏眩』、『封锁』等状态","由鶴翎草、仙翁果、清風散混和而成的丹藥，可以治療五感麻痺、筋骨挫傷。
藥效：解除『昏眩』、『封鎖』等狀態"
Configs/Items/Medics/XiaoPeiYuanDan,Text,,小培元丹,小培元丹
Configs/Items/Medics/XiaoPeiYuanDan_Desc,Text,,"以灵芝、肉桂为主材所炼制而成的丹药，有培元之能。此丹药效力略逊于培元丹。
药效：内力恢复40点。","以靈芝、肉桂為主材所煉製而成的丹藥，有培元之能。此丹藥效力略遜於培元丹。
藥效：內力恢復40點。"
Configs/Items/Medics/XiaoXuMingDan,Text,,小续命丹,小續命丹
Configs/Items/Medics/XiaoXuMingDan_Desc,Text,,"以参粉、虎骨为主材所制成的丹药，有续命之功。此丹药效力略逊于续命丹。
药效：恢复生命40点。","以蔘粉、虎骨為主材所製成的丹藥，有續命之功。此丹藥效力略遜於續命丹。
藥效：恢復生命40點。"
Configs/Items/Medics/XuMingDan,Text,,续命丹,續命丹
Configs/Items/Medics/XuMingDan_Desc,Text,,"以参粉、虎骨为主材所制成的丹药，有续命之功。
药效：恢复生命90点。","以蔘粉、虎骨為主材所製成的丹藥，有續命之功。
藥效：恢復生命90點。"
Configs/Items/Props/BaWangZhuan,Text,,霸王传,霸王傳
Configs/Items/Props/BaWangZhuan_Desc,Text,,"霸王项羽的传记，不知为何人所著，但似乎具有不可思议的力量。
功用：攻击增加2点。","霸王項羽的傳記，不知為何人所著，但似乎具有不可思議的力量。
功用：攻擊增加2點。"
Configs/Items/Props/BaiCaoShu,Text,,百草书,百草書
Configs/Items/Props/BaiCaoShu_Desc,Text,,"藉神农尝百草的典故而命名的药性植物总谱，图文并茂，能增进医学知识。
功用：医术提升10点。","藉神農嚐百草的典故而命名的藥性植物總譜，圖文並茂，能增進醫學知識。
功用：醫術提升10點。"
Configs/Items/Props/BaoZi,Text,,包子,包子
Configs/Items/Props/BaoZi_Desc,Text,,"普通的肉包子，可以充饥解饿。
功用：恢复生命、内力各10点。","普通的肉包子，可以充飢解餓。
功用：恢復生命、內力各10點。"
Configs/Items/Props/CeBianLun,Text,,策变论,策變論
Configs/Items/Props/CeBianLun_Desc,Text,,"以『诡变乃计略之常』为主旨的策略奇书，详述计略中的各种变化。
功用：提升10点悟性，获得20点技能点数。","以『詭變乃計略之常』為主旨的策略奇書，詳述計略中的各種變化。
功用：提升10點悟性，獲得20點技能點數。"
Configs/Items/Props/ChouGuoLun,Text,,仇国论,仇國論
Configs/Items/Props/ChouGuoLun_Desc,Text,,"蜀国谯周为了向后主刘禅陈述战争之利害而撰写的书籍。
功用：悟性增加5点。","蜀國譙周為了向後主劉禪陳述戰爭之利害而撰寫的書籍。
功用：悟性增加5點。"
Configs/Items/Props/CiKeZhuan,Text,,刺客传,刺客傳
Configs/Items/Props/CiKeZhuan_Desc,Text,,"刺客豫让的传记，不知为何人所著，但似乎具有不可思议的力量。
功用：速度增加1点。","刺客豫讓的傳記，不知為何人所著，但似乎具有不可思議的力量。
功用：速度增加1點。"
Configs/Items/Props/DaoWangLu,Text,,刀王录,刀王錄
Configs/Items/Props/DaoWangLu_Desc,Text,,中原刀客梦寐以求的刀招秘笈，只要能悟通本书即能获得独步武林的刀法—『飞虹六式』。,中原刀客夢寐以求的刀招秘笈，只要能悟通本書即能獲得獨步武林的刀法—『飛虹六式』。
Configs/Items/Props/DunJiaTianShu,Text,,遁甲天书,遁甲天書
Configs/Items/Props/DunJiaTianShu_Desc,Text,,江湖方士人手一本的奇门遁甲入门书。,江湖方士人手一本的奇門遁甲入門書。
Configs/Items/Props/FuXiBaGuaTu,Text,,伏羲八卦图,伏羲八卦圖
Configs/Items/Props/FuXiBaGuaTu_Desc,Text,,"相传伏羲由龙龟身上的甲纹悟出八卦形象，此图正是龙龟甲纹的拓印图。
功用：幸运增加5点。","相傳伏羲由龍龜身上的甲紋悟出八卦形象，此圖正是龍龜甲紋的拓印圖。
功用：幸運增加5點。"
Configs/Items/Props/HanShu,Text,,汉书,漢書
Configs/Items/Props/HanShu_Desc,Text,,"东汉班固所著，记载著西汉时期的历史。
功用：提升10点悟性，获得20点技能点数。","東漢班固所著，記載著西漢時期的歷史。
功用：提升10點悟性，獲得20點技能點數。"
Configs/Items/Props/HanTianDingHaiShi,Text,,撼天定海石,撼天定海石
Configs/Items/Props/HanTianDingHaiShi_Desc,Text,,击败北溟巨鲲所获得的当世神器，有缘者可以获得惊天撼地三大秘式之一『颠动沧溟』。,擊敗北溟巨鯤所獲得的當世神器，有緣者可以獲得驚天撼地三大秘式之一『顛動滄溟』。
Configs/Items/Props/HenTianJianFaLu,Text,,恒天鉴法录,恆天鑑法錄
Configs/Items/Props/HenTianJianFaLu_Desc,Text,,"仙门第一圣书，可大幅提升阅读者的全面能力。
功用：生命上限、内力上限、攻击、防御、命中、闪避、悟性皆增加10点。","仙門第一聖書，可大幅提昇閱讀者的全面能力。
功用：生命上限、內力上限、攻擊、防禦、命中、閃避、悟性皆增加10點。"
Configs/Items/Props/HuZhiHun,Text,,虎之魂,虎之魂
Configs/Items/Props/HuZhiHun_Desc,Text,,"收纳猛虎之精元，有缘者可以获得猛虎的力量。
功用：攻击增加1点。","收納猛虎之精元，有緣者可以獲得猛虎的力量。
功用：攻擊增加1點。"
Configs/Items/Props/HuangShiBingShu,Text,,黄石兵书,黃石兵書
Configs/Items/Props/HuangShiBingShu_Desc,Text,,"西汉开国功臣张良所传下的兵书，不只强调战术，更强调战场之外的战略思维。相传为黄石老人赠与张良。
功用：速度增加1点、悟性增加5点。","西漢開國功臣張良所傳下的兵書，不只強調戰術，更強調戰場之外的戰略思維。相傳為黃石老人贈與張良。
功用：速度增加1點、悟性增加5點。"
Configs/Items/Props/HuiTianBaoJian,Text,,回天宝鉴,迴天寶鑑
Configs/Items/Props/HuiTianBaoJian_Desc,Text,,"记载著化灾渡劫之术的仙门密册，在东汉初年因故流落于凡世，此后下落不明。
功用：防御、闪避各增加5点，悟性、医术增加10点。","記載著化災渡劫之術的仙門密冊，在東漢初年因故流落於凡世，此後下落不明。
功用：防禦、閃避各增加5點，悟性、醫術增加10點。"
Configs/Items/Props/JianXianLu,Text,,剑仙录,劍仙錄
Configs/Items/Props/JianXianLu_Desc,Text,,"不世出的奇书，其中记载著仙门道宗的不传剑式，
可让凡俗之剑晋化至心剑的境界。",不世出的奇書，其中記載著仙門道宗的不傳劍式，可讓凡俗之劍晉化至心劍的境界。
Configs/Items/Props/JinLongHun,Text,,金龙魂,金龍魂
Configs/Items/Props/JinLongHun_Desc,Text,,"收纳金龙之精元，有缘者可以获得金龙的力量。
功用：生命增加10点、内力增加10点。","收納金龍之精元，有緣者可以獲得金龍的力量。
功用：生命增加10點、內力增加10點。"
Configs/Items/Props/JinPengHun,Text,,金鹏魂,金鵬魂
Configs/Items/Props/JinPengHun_Desc,Text,,"收纳金翅鸟之精元，有缘者可获得金翅鸟的力量。
功用：速度增加5点。","收納金翅鳥之精元，有緣者可獲得金翅鳥的力量。
功用：速度增加5點。"
Configs/Items/Props/JunShenZhuan,Text,,军神传,軍神傳
Configs/Items/Props/JunShenZhuan_Desc,Text,,"军神孙武的传记，不知为何人所著，但似乎具有不可思议的力量。
功用：内力增加2点。","軍神孫武的傳記，不知為何人所著，但似乎具有不可思議的力量。
功用：內力增加2點。"
Configs/Items/Props/LangZhiHun,Text,,狼之魂,狼之魂
Configs/Items/Props/LangZhiHun_Desc,Text,,"收纳野狼之精元，有缘者可以获得野狼的力量。
功用：命中增加1点。","收納野狼之精元，有緣者可以獲得野狼的力量。
功用：命中增加1點。"
Configs/Items/Props/LaoZi,Text,,老子,老子
Configs/Items/Props/LaoZi_Desc,Text,,"又名『道德经』，老子李耳所传下的唯一著作，为道家思想的经典。
功用：增加悟性10点。","又名『道德經』，老子李耳所傳下的唯一著作，為道家思想的經典。
功用：增加悟性10點。"
Configs/Items/Props/LiuTao,Text,,六韬,六韜
Configs/Items/Props/LiuTao_Desc,Text,,"相传为姜太公所流传下来的兵法总集，也是中国最早的兵书。
功用：速度增加1点、悟性增加5点。","相傳為姜太公所流傳下來的兵法總集，也是中國最早的兵書。
功用：速度增加1點、悟性增加5點。"
Configs/Items/Props/LunYu,Text,,论语,論語
Configs/Items/Props/LunYu_Desc,Text,,"由孔子门下弟子整理孔子生前言论而成的儒家经典，集孔子思想之大成。
功用：悟性增加10点。","由孔子門下弟子整理孔子生前言論而成的儒家經典，集孔子思想之大成。
功用：悟性增加10點。"
Configs/Items/Props/MengDeXinShu,Text,,孟德新书,孟德新書
Configs/Items/Props/MengDeXinShu_Desc,Text,,"曹操以绝代天才，融合战术、时论、史料而著成的兵法书。
功用：悟性增加5点。","曹操以絕代天才，融合戰術、時論、史料而著成的兵法書。
功用：悟性增加5點。"
Configs/Items/Props/MiYuDaQuan,Text,,谜语大全,謎語大全
Configs/Items/Props/MiYuDaQuan_Desc,Text,,"记载著四千多条传统谜语的谜语全录，不仅能增加悟性，也能让人心神愉快。
功用：幸运增加10点，悟性增加5点。","記載著四千多條傳統謎語的謎語全錄，不僅能增加悟性，也能讓人心神愉快。
功用：幸運增加10點，悟性增加5點。"
Configs/Items/Props/MiaoGuShu,Text,,苗蛊书,苗蠱書
Configs/Items/Props/MiaoGuShu_Desc,Text,,"记载著苗疆一带的各式毒蛊以及对应的解法。
功用：医术增加20点。","記載著苗疆一帶的各式毒蠱以及對應的解法。
功用：醫術增加20點。"
Configs/Items/Props/MingXiangZhuan,Text,,名相传,名相傳
Configs/Items/Props/MingXiangZhuan_Desc,Text,,"名相张良的传记，不知为何人所著，但似乎具有不可思议的力量。
功用：防御增加2点。","名相張良的傳記，不知為何人所著，但似乎具有不可思議的力量。
功用：防禦增加2點。"
Configs/Items/Props/MuNiuLiuMa,Text,,木牛流马,木牛流馬
Configs/Items/Props/MuNiuLiuMa_Desc,Text,,"诸葛亮以鲁班机关图为基础，完成超乎想像的自动补给机械。每使用一次数量就会减少1。
功用：战斗专用。全部队员生命、内力完全恢复。","諸葛亮以魯班機關圖為基礎，完成超乎想像的自動補給機械。每使用一次數量就會減少1。
功用：戰鬥專用。全部隊員生命、內力完全恢復。"
Configs/Items/Props/PiLiChe,Text,,霹雳车,霹靂車
Configs/Items/Props/PiLiChe_Desc,Text,,"司马懿以鲁班机关图为基础，完成可以一击摧毁城墙的巨型投石车。每使用一次数量就会减少1。
功用：战斗专用。令目标敌人受到巨大火石的轰击。","司馬懿以魯班機關圖為基礎，完成可以一擊摧毀城牆的巨型投石車。每使用一次數量就會減少1。
功用：戰鬥專用。令目標敵人受到巨大火石的轟擊。"
Configs/Items/Props/QiLinHun,Text,,麒麟魂,麒麟魂
Configs/Items/Props/QiLinHun_Desc,Text,,"收纳麒麟之精元，有缘者可以获得麒麟的力量。
功用：生命增加2点、内力增加1点。","收納麒麟之精元，有緣者可以獲得麒麟的力量。
功用：生命增加2點、內力增加1點。"
Configs/Items/Props/QiLinJiao,Text,,麒麟角,麒麟角
Configs/Items/Props/QiLinJiao_Desc,Text,,"麒麟乃中原之君的神圣象征，其兽角可以招引天雷，消灭群邪。
功用：战斗专用。召唤天雷轰击魔物，对战场上所有妖魔类敌人造成500点伤害。","麒麟乃中原之君的神聖象徵，其獸角可以招引天雷，消滅群邪。
功用：戰鬥專用。召喚天雷轟擊魔物，對戰場上所有妖魔類敵人造成500點傷害。"
Configs/Items/Props/QianXiangLiZhu,Text,,乾象历注,乾象曆注
Configs/Items/Props/QianXiangLiZhu_Desc,Text,,"具有节气与整合性的历书，孙权采用其作为吴国的历法。
功用：悟性增加5点。","具有節氣與整合性的曆書，孫權採用其作為吳國的曆法。
功用：悟性增加5點。"
Configs/Items/Props/QingNangShu,Text,,青囊书,青囊書
Configs/Items/Props/QingNangShu_Desc,Text,,"华陀一生行医的心得精要，未能传于后世，堪称中国历史上最为传奇的医书。
功用：医术提升30点，生命上限、内力上限各增加5点。","華陀一生行醫的心得精要，未能傳於後世，堪稱中國歷史上最為傳奇的醫書。
功用：醫術提升30點，生命上限、內力上限各增加5點。"
Configs/Items/Props/RouKuai,Text,,肉块,肉塊
Configs/Items/Props/RouKuai_Desc,Text,,"由野兽猛禽身上所获得的肉块，虽然价值不高，但具有相当实用的治愈功能。另一方面，肉块也是食肉猛兽的最爱。
功用：恢复生命、内力各100点。","由野獸猛禽身上所獲得的肉塊，雖然價值不高，但具有相當實用的治癒功能。另一方面，肉塊也是食肉猛獸的最愛。
功用：恢復生命、內力各100點。"
Configs/Items/Props/RuoYuShu,Text,,若愚书,若愚書
Configs/Items/Props/RuoYuShu_Desc,Text,,"不世出的计略奇书，以『大智若愚』为意。相传鬼谷子授与孙傧装疯卖傻之计，使其得以避过死劫，即是出于此书之精义。
功用：获得20点技能点数，悟性增加50点！","不世出的計略奇書，以『大智若愚』為意。相傳鬼谷子授與孫儐裝瘋賣傻之計，使其得以避過死劫，即是出於此書之精義。
功用：獲得20點技能點數，悟性增加50點！"
Configs/Items/Props/ShanChuanSheJiTu,Text,,山川社稷图,山川社稷圖
Configs/Items/Props/ShanChuanSheJiTu_Desc,Text,,"仙门法宝之一，只要将此图展开，即可涵纳天地、缩万里于一指之间，本图只可在桃源乡、邺城、成都、建业这四个地方使用。
功用：使用后可让全队瞬间到达桃源乡、邺城、成都、建业等地。","仙門法寶之一，只要將此圖展開，即可涵納天地、縮萬里於一指之間，本圖只可在桃源鄉、鄴城、成都、建業這四個地方使用。
功用：使用後可讓全隊瞬間到達桃源鄉、鄴城、成都、建業等地。"
Configs/Items/Props/SheZhiHun,Text,,蛇之魂,蛇之魂
Configs/Items/Props/SheZhiHun_Desc,Text,,"收纳翼蛇之精元，有缘者可以获得翼蛇的力量。
功用：幸运增加2点。","收納翼蛇之精元，有緣者可以獲得翼蛇的力量。
功用：幸運增加2點。"
Configs/Items/Props/ShenNongJing,Text,,神农经,神農經
Configs/Items/Props/ShenNongJing_Desc,Text,,"神农氏尝遍百草所传下的医道巨著，堪称为中国最早的医书。
功用：医术提升10点。","神農氏嚐遍百草所傳下的醫道鉅著，堪稱為中國最早的醫書。
功用：醫術提升10點。"
Configs/Items/Props/ShiHuangZhuan,Text,,始皇传,始皇傳
Configs/Items/Props/ShiHuangZhuan_Desc,Text,,"始皇嬴政的传记，不知为何人所著，但似乎具有不可思议的力量。
功用：生命增加5点。","始皇嬴政的傳記，不知為何人所著，但似乎具有不可思議的力量。
功用：生命增加5點。"
Configs/Items/Props/ShiJi,Text,,史记,史記
Configs/Items/Props/ShiJi_Desc,Text,,"太史公司马迁穷毕生之力完成的史书，上起黄帝、下记汉武，开人物传记之滥觞，为二十四史之首。
功用：悟性增加10点，并获得20点技能点数。","太史公司馬遷窮畢生之力完成的史書，上起黃帝、下記漢武，開人物傳記之濫觴，為二十四史之首。
功用：悟性增加10點，並獲得20點技能點數。"
Configs/Items/Props/ShiJing,Text,,诗经,詩經
Configs/Items/Props/ShiJing_Desc,Text,,"由孔子收集春秋时代的各地诗歌，整理而成的总集，对后世文学影响极大。
功用：获得技能点数20点。","由孔子收集春秋時代的各地詩歌，整理而成的總集，對後世文學影響極大。
功用：獲得技能點數20點。"
Configs/Items/Props/ShouZhiYuan,Text,,兽之元,獸之元
Configs/Items/Props/ShouZhiYuan_Desc,Text,,服用此丹元者可以获得与野兽沟通的力量，并得到降服野兽的能力！,服用此丹元者可以獲得與野獸溝通的力量，並得到降服野獸的能力！
Configs/Items/Props/SouHunCe,Text,,搜魂册,搜魂冊
Configs/Items/Props/SouHunCe_Desc,Text,,"记载著流传于民间的搜魂之术，教人如何收纳亡者
的灵魂。","記載著流傳於民間的搜魂之術，教人如何收納亡者
的靈魂。"
Configs/Items/Props/SunZiBingFa,Text,,孙子兵法,孫子兵法
Configs/Items/Props/SunZiBingFa_Desc,Text,,"军神孙武所著的兵法经典，以其中跨时代的战略思想，被誉为古今第一兵法。
功用：速度增加1点、悟性增加5点。","軍神孫武所著的兵法經典，以其中跨時代的戰略思想，被譽為古今第一兵法。
功用：速度增加1點、悟性增加5點。"
Configs/Items/Props/TaiPingQingDao,Text,,太平清道,太平清道
Configs/Items/Props/TaiPingQingDao_Desc,Text,,太平道的教派精义，在民间私下流传。,太平道的教派精義，在民間私下流傳。
Configs/Items/Props/TaiShiFuShu,Text,,太师符书,太師符書
Configs/Items/Props/TaiShiFuShu_Desc,Text,,相传为商朝太师闻仲所传下的奇门异术总集。,相傳為商朝太師聞仲所傳下的奇門異術總集。
Configs/Items/Props/TanXiangChenMuZhen,Text,,檀香沉木枕,檀香沉木枕
Configs/Items/Props/TanXiangChenMuZhen_Desc,Text,,"由檀香烘熏的沉木枕，仿佛有睡魔寄附其上，只要一拿出来就能令周遭的人昏昏欲睡。
功用：战斗专用。除了使用者之外的战场上所有单位都将陷入『沈睡』状态。","由檀香烘燻的沉木枕，彷彿有睡魔寄附其上，只要一拿出來就能令周遭的人昏昏欲睡。
功用：戰鬥專用。除了使用者之外的戰場上所有單位都將陷入『沈睡』狀態。"
Configs/Items/Props/TengLongBaQiZhiJuan,Text,,腾龙八齐之卷,騰龍八齊之卷
Configs/Items/Props/TengLongBaQiZhiJuan_Desc,Text,,其上记载著由文王演卦六十四卦签所推算出来的仙门绝招，惊天撼地三大秘式中最霸道的招式『腾龙八齐』。,其上記載著由文王演卦六十四卦籤所推算出來的仙門絕招，驚天撼地三大秘式中最霸道的招式『騰龍八齊』。
Configs/Items/Props/WuQinXi,Text,,五禽戏,五禽戲
Configs/Items/Props/WuQinXi_Desc,Text,,"华陀以『流水不腐，万蠹不生』的理念，融会、鹿、猿、熊、鸟的动作特长，所建立的一套健身法，相传是中国武术的原形。
功用：医术提升10点，生命上限、内力上限、命中、闪避各增加5点。","華陀以『流水不腐，萬蠹不生』的理念，融會、鹿、猿、熊、鳥的動作特長，所建立的一套健身法，相傳是中國武術的原形。
功用：醫術提升10點，生命上限、內力上限、命中、閃避各增加5點。"
Configs/Items/Props/XiangZhiHun,Text,,象之魂,象之魂
Configs/Items/Props/XiangZhiHun_Desc,Text,,"收纳巨象之精元，有缘者可以获得巨象的力量。
功用：防御增加1点。","收納巨象之精元，有緣者可以獲得巨象的力量。
功用：防禦增加1點。"
Configs/Items/Props/YiJing,Text,,易经,易經
Configs/Items/Props/YiJing_Desc,Text,,"以阴阳八卦解释天地万象的中华经典，不仅是占卜的依据，更是人生方向的指引。
功用：悟性增加10点。","以陰陽八卦解釋天地萬象的中華經典，不僅是占卜的依據，更是人生方向的指引。
功用：悟性增加10點。"
Configs/Items/Props/YiLiaoBaiFa,Text,,异疗百法,異療百法
Configs/Items/Props/YiLiaoBaiFa_Desc,Text,,"记载著民间流传的数百种医疗偏方，虽然不合医理，但仍有一读的价值。
功用：医术提升5点。","記載著民間流傳的數百種醫療偏方，雖然不合醫理，但仍有一讀的價值。
功用：醫術提升5點。"
Configs/Items/Props/YiShengZhuan,Text,,医圣传,醫聖傳
Configs/Items/Props/YiShengZhuan_Desc,Text,,"医圣扁鹊的传记，不知为何人所著，但似乎具有不可思议的力量。
功用：医术增加5点。","醫聖扁鵲的傳記，不知為何人所著，但似乎具有不可思議的力量。
功用：醫術增加5點。"
Configs/Items/Props/YingXiongZui,Text,,英雄醉,英雄醉
Configs/Items/Props/YingXiongZui_Desc,Text,,"为张飞最为喜爱的烈酒，酒性极强，酒力稍弱者一闻就醉。
功用：造成『混乱』、『禁制』。","為張飛最為喜愛的烈酒，酒性極強，酒力稍弱者一聞就醉。
功用：造成『混亂』、『禁制』。"
Configs/Items/Props/ZhanGuoCe,Text,,战国策,戰國策
Configs/Items/Props/ZhanGuoCe_Desc,Text,,"此书汇整了战国时代纵横家向诸侯论述的谋策。为西汉刘向编著。
功用：悟性增加5点。","此書彙整了戰國時代縱橫家向諸侯論述的謀策。為西漢劉向編著。
功用：悟性增加5點。"
Configs/Items/Props/ZhiLu,Text,,治论,治論
Configs/Items/Props/ZhiLu_Desc,Text,,"魏国王昶所著。论述魏国刑法过于严苛，有修改的必要，以及其修改的方向。
功用：悟性增加5点。","魏國王昶所著。論述魏國刑法過於嚴苛，有修改的必要，以及其修改的方向。
功用：悟性增加5點。"
Configs/Items/Props/ZhiZhuHun,Text,,蜘蛛魂,蜘蛛魂
Configs/Items/Props/ZhiZhuHun_Desc,Text,,"收纳毒蜘蛛之精元，有缘者可以获得毒蜘蛛的力量。
功用：闪避增加1点。","收納毒蜘蛛之精元，有緣者可以獲得毒蜘蛛的力量。
功用：閃避增加1點。"
Configs/Items/Props/ZhuangZi,Text,,庄子,莊子
Configs/Items/Props/ZhuangZi_Desc,Text,,"记载著庄子自由开阔的思想言行的道家重要书籍。
功用：悟性增加10点。","記載著莊子自由開闊的思想言行的道家重要書籍。
功用：悟性增加10點。"
Configs/Items/Props/ZuoZhuanChunQiu,Text,,左传春秋,左傳春秋
Configs/Items/Props/ZuoZhuanChunQiu_Desc,Text,,"左丘明为注解春秋所著之书，可令人明辨是非，了解春秋一书的微言大义。
功用：提升5点悟性。","左丘明為註解春秋所著之書，可令人明辨是非，瞭解春秋一書的微言大義。
功用：提升5點悟性。"
Configs/Items/Specials/BiYanTang,Text,,碧烟棠,碧煙棠
Configs/Items/Specials/BiYanTang_Desc,Text,,极为罕见的名贵海棠品种，一般人根本无缘一见。,極為罕見的名貴海棠品種，一般人根本無緣一見。
Configs/Items/Specials/CaiDai,Text,,彩带,彩帶
Configs/Items/Specials/CaiDai_Desc,Text,,中原常见的小孩玩具，但在中原以外的地区就非常罕见了，对外族的小孩子颇具吸引力。,中原常見的小孩玩具，但在中原以外的地區就非常罕見了，對外族的小孩子頗具吸引力。
Configs/Items/Specials/CaiFen,Text,,粉彩,粉彩
Configs/Items/Specials/CaiFen_Desc,Text,,女子化妆所用的脂粉。,女子化妝所用的脂粉。
Configs/Items/Specials/CaiQiu,Text,,彩球,彩球
Configs/Items/Specials/CaiQiu_Desc,Text,,中原常见的小孩玩具，但在中原以外的地区就非常罕见了，对外族的小孩子颇具吸引力。,中原常見的小孩玩具，但在中原以外的地區就非常罕見了，對外族的小孩子頗具吸引力。
Configs/Items/Specials/ChouMaZhiHua,Text,,臭麻子花,臭麻子花
Configs/Items/Specials/ChouMaZhiHua_Desc,Text,,草本植物，具有使人感应神经麻痺的毒性，被一般医者视为毒草。,草本植物，具有使人感應神經麻痺的毒性，被一般醫者視為毒草。
Configs/Items/Specials/DuiTianDing,Text,,兑天鼎,兌天鼎
Configs/Items/Specials/DuiTianDing_Desc,Text,,太古九鼎之一，象征湖泽。,太古九鼎之一，象徵湖澤。
Configs/Items/Specials/FengChe,Text,,风车,風車
Configs/Items/Specials/FengChe_Desc,Text,,中原常见的小孩玩具，但在中原以外的地区就非常罕见了，对外族的小孩子颇具吸引力。,中原常見的小孩玩具，但在中原以外的地區就非常罕見了，對外族的小孩子頗具吸引力。
Configs/Items/Specials/GanTai,Text,,干苔,乾苔
Configs/Items/Specials/GanTai_Desc,Text,,采集黑石苔，将其晒干后研磨而成粉末，为少有的药引之一。,採集黑石苔，將其曬乾後研磨而成粉末，為少有的藥引之一。
Configs/Items/Specials/GeiWeiGuoDeXin,Text,,给魏国的信,給魏國的信
Configs/Items/Specials/GeiWeiGuoDeXin_Desc,Text,,蜀国将官委任转交给魏国将官的情报信函。,蜀國將官委任轉交給魏國將官的情報信函。
Configs/Items/Specials/GeiWuGuoDeXin,Text,,给吴国的信,給吳國的信
Configs/Items/Specials/GeiWuGuoDeXin_Desc,Text,,蜀国将官委任转交给吴国将官的情报信函。,蜀國將官委任轉交給吳國將官的情報信函。
Configs/Items/Specials/GenTianDing,Text,,艮天鼎,艮天鼎
Configs/Items/Specials/GenTianDing_Desc,Text,,太古九鼎之一，象征山岳。,太古九鼎之一，象徵山嶽。
Configs/Items/Specials/HaiLuo,Text,,海螺,海螺
Configs/Items/Specials/HaiLuo_Desc,Text,,巨大的海螺壳，对于甚少接近海边的人而言，算是相当希罕之物，经常作为收藏品。,巨大的海螺殼，對於甚少接近海邊的人而言，算是相當希罕之物，經常作為收藏品。
Configs/Items/Specials/HuRou,Text,,虎肉,虎肉
Configs/Items/Specials/HuRou_Desc,Text,,北方特有老虎的肉块，可作为熬药用之药引。,北方特有老虎的肉塊，可作為熬藥用之藥引。
Configs/Items/Specials/HuaTuoDeXin,Text,,华佗的信,華陀的信
Configs/Items/Specials/HuaTuoDeXin_Desc,Text,,华陀为刘表引荐主角的信函，凭此信即可进入襄阳太守府，晋见刘表大人。,華陀為劉表引薦主角的信函，憑此信即可進入襄陽太守府，晉見劉表大人。
Configs/Items/Specials/HuangFuZhi,Text,,黄符纸,黃符紙
Configs/Items/Specials/HuangFuZhi_Desc,Text,,道教所使用的符纸，于民间经常可见。,道教所使用的符紙，於民間經常可見。
Configs/Items/Specials/JiGuanTu,Text,,机关图,機關圖
Configs/Items/Specials/JiGuanTu_Desc,Text,,相传为名匠鲁班所传下的机关设计图，共有十二张，智慧高绝者以这些机关图为基础，可以构建各种复杂精密的器械。,相傳為名匠魯班所傳下的機關設計圖，共有十二張，智慧高絕者以這些機關圖為基礎，可以構建各種複雜精密的器械。
Configs/Items/Specials/JiaoWeiQin,Text,,焦尾琴,焦尾琴
Configs/Items/Specials/JiaoWeiQin_Desc,Text,,汉朝名士蔡邕由火堆中抢救回来的半截残木，所制造出来的名琴，由于琴身还留有烧焦的痕迹，因此被命名为焦尾琴，是爱乐者公认的珍贵名器。,漢朝名士蔡邕由火堆中搶救回來的半截殘木，所製造出來的名琴，由於琴身還留有燒焦的痕跡，因此被命名為焦尾琴，是愛樂者公認的珍貴名器。
Configs/Items/Specials/JinYu,Text,,金羽,金羽
Configs/Items/Specials/JinYu_Desc,Text,,打败大鹏金翅鸟所得的金色羽毛，可以请匈奴武器店老板制成金羽披风。,打敗大鵬金翅鳥所得的金色羽毛，可以請匈奴武器店老闆製成金羽披風。
Configs/Items/Specials/JingKuang,Text,,晶矿,晶礦
Configs/Items/Specials/JingKuang_Desc,Text,,散逸于奇山险地之间的矿石，因为吸收了天地日月的灵气，产生有如宝石一般的色泽，所以又被称为晶矿。是打造神兵利器必要材料。,散逸於奇山險地之間的礦石，因為吸收了天地日月的靈氣，產生有如寶石一般的色澤，所以又被稱為晶礦。是打造神兵利器必要材料。
Configs/Items/Specials/JiuTianShenDIngQuanLu,Text,,九天神鼎全录,九天神鼎全錄
Configs/Items/Specials/JiuTianShenDIngQuanLu_Desc,Text,,"乾天鼎：此鼎本留存于汉室皇家，今为董卓所夺。
震天鼎：此鼎偏好刚烈武勇之气，已为吕布所得。
艮天鼎：数年前为江东孙坚所得，至今传与孙权。
离天鼎：此鼎深具霸王之气，为曹操所有。
坤天鼎：此鼎趋近仁者之心，为刘备所拥有。
兑天鼎、坎天鼎、巽天鼎：至今下落不明。","乾天鼎：此鼎本留存於漢室皇家，今為董卓所奪。
震天鼎：此鼎偏好剛烈武勇之氣，已為呂布所得。
艮天鼎：數年前為江東孫堅所得，至今傳與孫權。
離天鼎：此鼎深具霸王之氣，為曹操所有。
坤天鼎：此鼎趨近仁者之心，為劉備所擁有。
兌天鼎、坎天鼎、巽天鼎：至今下落不明。"
Configs/Items/Specials/JunFu,Text,,董卓军军服,董卓軍軍服
Configs/Items/Specials/JunFu_Desc,Text,,在战斗后所获得的董卓军军服。一般人穿上去之后，在外关上与真正的董卓军士兵毫无差别。,在戰鬥後所獲得的董卓軍軍服。一般人穿上去之後，在外關上與真正的董卓軍士兵毫無差別。
Configs/Items/Specials/KanTianDing,Text,,坎天鼎,坎天鼎
Configs/Items/Specials/KanTianDing_Desc,Text,,太古九鼎之一，象征流水。,太古九鼎之一，象徵流水。
Configs/Items/Specials/KuXueTeng,Text,,枯血藤,枯血藤
Configs/Items/Specials/KuXueTeng_Desc,Text,,含有剧毒的植物，可以炼制剧毒『枯血青』与『毒云烟』，产于云南一带。,含有劇毒的植物，可以煉製劇毒『枯血青』與『毒雲煙』，產於雲南一帶。
Configs/Items/Specials/KunTianDing,Text,,坤天鼎,坤天鼎
Configs/Items/Specials/KunTianDing_Desc,Text,,太古九鼎之一，象征大地。,太古九鼎之一，象徵大地。
Configs/Items/Specials/LangWangPi,Text,,狼王皮,狼王皮
Configs/Items/Specials/LangWangPi_Desc,Text,,西北外族崇拜野狼，其中狼王的毛皮更是王者的象征，许多外族之王会愿意用珍贵的物品换取狼王皮。,西北外族崇拜野狼，其中狼王的毛皮更是王者的象徵，許多外族之王會願意用珍貴的物品換取狼王皮。
Configs/Items/Specials/LiTianDing,Text,,离天鼎,離天鼎
Configs/Items/Specials/LiTianDing_Desc,Text,,太古九鼎之一，象征火焰。,太古九鼎之一，象徵火焰。
Configs/Items/Specials/LingGu,Text,,铃鼓,鈴鼓
Configs/Items/Specials/LingGu_Desc,Text,,中原常见的小孩玩具，但在中原以外的地区就非常罕见了，对外族的小孩子颇具吸引力。,中原常見的小孩玩具，但在中原以外的地區就非常罕見了，對外族的小孩子頗具吸引力。
Configs/Items/Specials/LingPai,Text,,令牌,令牌
Configs/Items/Specials/LingPai_Desc,Text,,董卓军旗下十名大将所持有的军团战令，只有董卓身边的亲将才能拥有此令牌。,董卓軍旗下十名大將所持有的軍團戰令，只有董卓身邊的親將才能擁有此令牌。
Configs/Items/Specials/LouChuan,Text,,楼船,楼船
Configs/Items/Specials/LouChuan_Desc,Text,,周瑜以鲁班机关图为基础，改造江河作战用的大型楼船，使之可以从事远洋航行，是通往海外的唯一交通工具。,周瑜以魯班機關圖為基礎，改造江河作戰用的大型樓船，使之可以從事遠洋航行，是通往海外的唯一交通工具。
Configs/Items/Specials/ManTuoLuoGuo,Text,,曼陀罗果,曼陀羅果
Configs/Items/Specials/ManTuoLuoGuo_Desc,Text,,来自于西方的罕见植物，可以大幅提升混和药剂的药性。,來自於西方的罕見植物，可以大幅提昇混和藥劑的藥性。
Configs/Items/Specials/NianTu,Text,,黏土,黏土
Configs/Items/Specials/NianTu_Desc,Text,,具有黏性，可塑性高的褐色黏土，常作为幼童的玩具。,具有黏性，可塑性高的褐色黏土，常作為幼童的玩具。
Configs/Items/Specials/QianTianDing,Text,,乾天鼎,乾天鼎
Configs/Items/Specials/QianTianDing_Desc,Text,,太古九鼎之一，象征苍天。,太古九鼎之一，象徵蒼天。
Configs/Items/Specials/QingXiang,Text,,清香,清香
Configs/Items/Specials/QingXiang_Desc,Text,,祭祀所用的焚香，道教常用的物品之一。,祭祀所用的焚香，道教常用的物品之一。
Configs/Items/Specials/ShanShuPi,Text,,杉树皮,杉樹皮
Configs/Items/Specials/ShanShuPi_Desc,Text,,杉木的树皮，研磨晒干后有解潮的功效。,杉木的樹皮，研磨曬乾後有解潮的功效。
Configs/Items/Specials/ShiGu,Text,,石蛄,石蛄
Configs/Items/Specials/ShiGu_Desc,Text,,极为希罕的虾蟆，长年居住于岩石之中，饮石隙山泉为生，非常难以寻得。,極為希罕的蝦蟆，長年居住於岩石之中，飲石隙山泉為生，非常難以尋得。
Configs/Items/Specials/ShuGuoFengJiangLu,Text,,蜀国封将录,蜀國封將錄
Configs/Items/Specials/ShuGuoFengJiangLu_Desc,Text,,诸葛亮交付之卷册，纪录著天命归于蜀国的将臣名单：『关羽、张飞、黄忠、赵云、马超、马良。』，上有蜀国丞相的印信。,諸葛亮交付之卷冊，紀錄著天命歸於蜀國的將臣名單：『關羽、張飛、黃忠、趙雲、馬超、馬良。』，上有蜀國丞相的印信。
Configs/Items/Specials/SuMaCao,Text,,酥麻草,酥麻草
Configs/Items/Specials/SuMaCao_Desc,Text,,有微薄麻醉效力的草本植物，其生长条件极为严苛，可说是非常难得的药物。,有微薄麻醉效力的草本植物，其生長條件極為嚴苛，可說是非常難得的藥物。
Configs/Items/Specials/TaiPingYaoShu,Text,,太平要术,太平要術
Configs/Items/Specials/TaiPingYaoShu_Desc,Text,,南华老仙精研仙术道法百余年的心血结晶，拥有此书者即使没有仙道慧根，也可以使用仙术。,南華老仙精研仙術道法百餘年的心血結晶，擁有此書者即使沒有仙道慧根，也可以使用仙術。
Configs/Items/Specials/TanHui,Text,,炭灰,炭灰
Configs/Items/Specials/TanHui_Desc,Text,,炉火烧炭所剩余的灰烬。,爐火燒炭所剩餘的灰燼。
Configs/Items/Specials/TianDanLing,Text,,天丹灵,天丹靈
Configs/Items/Specials/TianDanLing_Desc,Text,,一种民间常用的胃肠药，有清肠胃去淤毒的功效，但药效极为强烈，会引发剧烈的肚痛，绝不适合战阵上解毒之用，又名清腑丹。,一種民間常用的胃腸藥，有清腸胃去淤毒的功效，但藥效極為強烈，會引發劇烈的肚痛，絕不適合戰陣上解毒之用，又名清腑丹。
Configs/Items/Specials/TongXingZheng,Text,,通行证,通行證
Configs/Items/Specials/TongXingZheng_Desc,Text,,战争期间，进南阳城所需要的通行证。,戰爭期間，進南陽城所需要的通行證。
Configs/Items/Specials/WeiGeiShuGuoDeXin,Text,,给蜀国的回信(魏),給蜀國的回信（魏）
Configs/Items/Specials/WeiGeiShuGuoDeXin_Desc,Text,,魏国方面给蜀国的回复情报信函，将此信与吴国方面的回信交给成都内城的蜀国将官，可换取报酬。,魏國方面給蜀國的回覆情報信函，將此信與吳國方面的回信交給成都內城的蜀國將官，可換取報酬。
Configs/Items/Specials/WeiGuoFengJiangLu,Text,,魏国封将录,魏國封將錄
Configs/Items/Specials/WeiGuoFengJiangLu_Desc,Text,,司马懿交付之卷册，纪录著天命归于魏国的将臣名单：『夏侯惇、典韦、许褚、张辽、荀彧、贾诩。』，上有魏国大将军的印信。,司馬懿交付之卷冊，紀錄著天命歸於魏國的將臣名單：『夏侯惇、典韋、許褚、張遼、荀彧、賈詡。』，上有魏國大將軍的印信。
Configs/Items/Specials/WenWangGuaQian,Text,,文王卦签,文王卦籤
Configs/Items/Specials/WenWangGuaQian_Desc,Text,,相传周文王演卦，为六十四卦作卦爻辞，刻于竹签之上。竹签各记录有易经六十四卦其中之一的内容，内涵皇龙腾天的不世之秘。,相傳周文王演卦，為六十四卦作卦爻辭，刻於竹籤之上。竹籤各記錄有易經六十四卦其中之一的內容，內涵皇龍騰天的不世之秘。
Configs/Items/Specials/WuGeiShuGuoDeXin,Text,,给蜀国的回信(吴),給蜀國的回信（吳）
Configs/Items/Specials/WuGeiShuGuoDeXin_Desc,Text,,吴国方面给蜀国的回复情报信函，将此信与魏国方面的回信交给成都内城的蜀国将官，可换取报酬。,吳國方面給蜀國的回覆情報信函，將此信與魏國方面的回信交給成都內城的蜀國將官，可換取報酬。
Configs/Items/Specials/WuGuoFengJiangLu,Text,,吴国封将录,吳國封將錄
Configs/Items/Specials/WuGuoFengJiangLu_Desc,Text,,周瑜交付之卷册，纪录著天命归于吴国的将臣名单：『甘宁、吕蒙、太史慈、黄盖、陆逊、鲁肃。』，上有吴国大都督的印信。,周瑜交付之卷冊，紀錄著天命歸於吳國的將臣名單：『甘寧、呂蒙、太史慈、黃蓋、陸遜、魯肅。』，上有吳國大都督的印信。
Configs/Items/Specials/WuLeiPoShiFu,Text,,五雷破石符,五雷破石符
Configs/Items/Specials/WuLeiPoShiFu_Desc,Text,,用以召回石精的符咒。上有五雷轰顶的符印，若施术者念咒，被贴上符印者就会遭五雷轰顶的灾厄。,用以召回石精的符咒。上有五雷轟頂的符印，若施術者念咒，被貼上符印者就會遭五雷轟頂的災厄。
Configs/Items/Specials/XunTianDing,Text,,巽天鼎,巽天鼎
Configs/Items/Specials/XunTianDing_Desc,Text,,太古九鼎之一，象征风息。,太古九鼎之一，象徵風息。
Configs/Items/Specials/YaoPinShu,Text,,邀聘书,邀聘書
Configs/Items/Specials/YaoPinShu_Desc,Text,,周瑜以吴国军师的身份，为鲁肃所写的正式任聘信函。只要将此信交给鲁肃，鲁肃即愿前往吴国任仕。,周瑜以吳國軍師的身份，為魯肅所寫的正式任聘信函。只要將此信交給魯肅，魯肅即願前往吳國任仕。
Configs/Items/Specials/ZhenTianDing,Text,,震天鼎,震天鼎
Configs/Items/Specials/ZhenTianDing_Desc,Text,,太古九鼎之一，象征雷电。,太古九鼎之一，象徵雷電。
Configs/Items/Specials/ZhongTianDing,Text,,中天鼎,中天鼎
Configs/Items/Specials/ZhongTianDing_Desc,Text,,太古九鼎之一，象征神州中原。,太古九鼎之一，象徵神州中原。
Configs/Items/Specials/ZhuGeLiangDeXin,Text,,诸葛亮的信,諸葛亮的信
Configs/Items/Specials/ZhuGeLiangDeXin_Desc,Text,,蜀国军师诸葛亮为劝勉张飞归国所写的信件，必须转交给张飞。,蜀國軍師諸葛亮為勸勉張飛歸國所寫的信件，必須轉交給張飛。
Configs/Items/Weapons/BaJiaoChui,Text,,八角锤,八角鎚
Configs/Items/Weapons/BaJiaoChui_Desc,Text,,"锤头做成八棱型、有面有角，只要被确实打中则不死也要重伤，是锤类武器的基本型。
装备：攻击＋16、命中＋4","鎚頭做成八稜型、有面有角，只要被確實打中則不死也要重傷，是鎚類武器的基本型。
裝備：攻擊＋16、命中＋4"
Configs/Items/Weapons/BaiGuJian,Text,,百蛊剑,百蠱劍
Configs/Items/Weapons/BaiGuJian_Desc,Text,,"苗疆一带住民所用的短剑，相传剑刃上附有剧毒，但此剑杀伤力甚强，通常伤人即死，难以判断剑毒的传言是否属实。
装备：攻击＋15、命中＋18","苗疆一帶住民所用的短劍，相傳劍刃上附有劇毒，但此劍殺傷力甚強，通常傷人即死，難以判斷劍毒的傳言是否屬實。
裝備：攻擊＋15、命中＋18"
Configs/Items/Weapons/BaiLianJian,Text,,百练剑,百練劍
Configs/Items/Weapons/BaiLianJian_Desc,Text,,"以百练成钢之术所铸造的钢剑，剑宽棱厚、不易折断，适合战场上使用。
装备：攻击＋12、命中＋6","以百練成鋼之術所鑄造的鋼劍，劍寬稜厚、不易折斷，適合戰場上使用。
裝備：攻擊＋12、命中＋6"
Configs/Items/Weapons/BaiYuJian,Text,,白玉剑,白玉劍
Configs/Items/Weapons/BaiYuJian_Desc,Text,,"以白玉刻成护手的华贵剑款，特制的护手能让使用者进招时收发如心，但杀伤力则是平平而已。
装备：攻击＋8、命中＋12","以白玉刻成護手的華貴劍款，特製的護手能讓使用者進招時收發如心，但殺傷力則是平平而已。
裝備：攻擊＋8、命中＋12"
Configs/Items/Weapons/BaoYuQiang,Text,,暴雨枪,瀑雨槍
Configs/Items/Weapons/BaoYuQiang_Desc,Text,,"蒲良所铸造之长枪，长一丈六，重量却相当轻，能够轻易施展快速的攻势。
装备：攻击＋16、命中＋16","蒲良所鑄造之長槍，長一丈六，重量卻相當輕，能夠輕易施展快速的攻勢。
裝備：攻擊＋16、命中＋16"
Configs/Items/Weapons/BiHuangQiang,Text,,碧凰枪,碧凰槍
Configs/Items/Weapons/BiHuangQiang_Desc,Text,,"蒲良早期的作品之一，被众多匠师所抄袭而成为一种特定的款式。碧凰枪的枪缨是由钢铁铸成的凤羽装饰，被轻轻扫到也会受到伤害，是相当优秀的枪类武器。
装备：攻击＋16、命中＋10","蒲良早期的作品之一，被眾多匠師所抄襲而成為一種特定的款式。碧凰槍的槍纓是由鋼鐵鑄成的鳳羽裝飾，被輕輕掃到也會受到傷害，是相當優秀的槍類武器。
裝備：攻擊＋16、命中＋10"
Configs/Items/Weapons/CangLangDao,Text,,沧浪刀,滄浪刀
Configs/Items/Weapons/CangLangDao_Desc,Text,,"铸造者特别强调攻击力，并且希望此刀攻击时能如沧海巨浪一般持续不绝，最后终于制成这款沧浪刀，是非常优秀的近战武器。
装备：攻击＋24、命中＋2","鑄造者特別強調攻擊力，並且希望此刀攻擊時能如滄海巨浪一般持續不絕，最後終於製成這款滄浪刀，是非常優秀的近戰武器。
裝備：攻擊＋24、命中＋2"
Configs/Items/Weapons/ChanYiDao,Text,,蝉翼刀,蟬翼刀
Configs/Items/Weapons/ChanYiDao_Desc,Text,,"刀身薄如蝉翼，锋利无匹、轻薄好用。可惜刀锋利则易碎，用过一段时间威力就平平而已了。
装备：攻击＋12、命中＋12","刀身薄如蟬翼，鋒利無匹、輕薄好用。可惜刀鋒利則易碎，用過一段時間威力就平平而已了。
裝備：攻擊＋12、命中＋12"
Configs/Items/Weapons/ChangBingDaDao,Text,,长柄大刀,長柄大刀
Configs/Items/Weapons/ChangBingDaDao_Desc,Text,,"斩马刀的原形，最基本的骑战大刀，威力有限。
装备：攻击＋10、命中＋2","斬馬刀的原形，最基本的騎戰大刀，威力有限。
裝備：攻擊＋10、命中＋2"
Configs/Items/Weapons/ChangQiang,Text,,长枪,長槍
Configs/Items/Weapons/ChangQiang_Desc,Text,,"军队中最常见的基本武器，攻击力与命中修正都非常贫弱，只适合给小兵用。
装备：攻击＋6、命中＋4","軍隊中最常見的基本武器，攻擊力與命中修正都非常貧弱，只適合給小兵用。
裝備：攻擊＋6、命中＋4"
Configs/Items/Weapons/ChangShuoMao,Text,,长槊矛,長槊矛
Configs/Items/Weapons/ChangShuoMao_Desc,Text,,"比一般的矛还长三尺，适合于骑马作战中用来格档敌方的攻击，并趁隙反击。武艺高超的将领则可以在步战中如常使用。
装备：攻击＋12、命中＋12","比一般的矛還長三尺，適合於騎馬作戰中用來格檔敵方的攻擊，並趁隙反擊。武藝高超的將領則可以在步戰中如常使用。
裝備：攻擊＋12、命中＋12"
Configs/Items/Weapons/CheXingChuanTian,Text,,掣星穿天,掣星穿天
Configs/Items/Weapons/CheXingChuanTian_Desc,Text,,"蒲良极少制造弓弩之类的武器，掣星穿天是其中的异数。以奇木麒麟蹄为梗心，制成具有张力且万分坚固的铁弓，威力相当强。
装备：攻击＋14、命中＋24","蒲良極少製造弓弩之類的武器，掣星穿天是其中的異數。以奇木麒麟蹄為梗心，製成具有張力且萬分堅固的鐵弓，威力相當強。
裝備：攻擊＋14、命中＋24"
Configs/Items/Weapons/CheYunTu,Text,,蝎尾矛,蠍尾矛
Configs/Items/Weapons/CheYunTu_Desc,Text,,"矛头制成蝎尾形，而枪杆分为两段可折叠，是相当特殊的奇门兵器，攻击力在矛类武器中算是普通，但具备了某种特殊的力量。
装备：攻击＋14、命中＋20","矛頭製成蠍尾形，而槍桿分為兩段可折疊，是相當特殊的奇門兵器，攻擊力在矛類武器中算是普通，但具備了某種特殊的力量。
裝備：攻擊＋14、命中＋20"
Configs/Items/Weapons/ChiXueJian,Text,,赤血剑,赤血劍
Configs/Items/Weapons/ChiXueJian_Desc,Text,,"剑身上带有一丝碧血的古剑，相传带有某种诅咒。虽然饶富传奇色彩，但实际的功用却极为普通。
装备：攻击＋8、命中＋6","劍身上帶有一絲碧血的古劍，相傳帶有某種詛咒。雖然饒富傳奇色彩，但實際的功用卻極為普通。
裝備：攻擊＋8、命中＋6"
Configs/Items/Weapons/ChiXueQingFeng,Text,,赤血青锋,赤血青鋒
Configs/Items/Weapons/ChiXueQingFeng_Desc,Text,,"浪迹天下的杂细郎专门将天下凡剑制成神兵利器。此剑乃将赤血剑、青锋剑烧熔重铸而成，威力虽然普通而已，事实上却带有某种特殊力量……
装备：攻击＋10、命中＋6","浪跡天下的雜細郎專門將天下凡劍製成神兵利器。此劍乃將赤血劍、青鋒劍燒熔重鑄而成，威力雖然普通而已，事實上卻帶有某種特殊力量……
裝備：攻擊＋10、命中＋6"
Configs/Items/Weapons/CiMaQiang,Text,,刺马枪,刺馬槍
Configs/Items/Weapons/CiMaQiang_Desc,Text,,"为了克制骑战部队而发展出来的步战长枪，比一般长枪还长四尺，专刺战马，往往让骑战部队无计可施。
装备：攻击＋10、命中＋6","為了克制騎戰部隊而發展出來的步戰長槍，比一般長槍還長四尺，專刺戰馬，往往讓騎戰部隊無計可施。
裝備：攻擊＋10、命中＋6"
Configs/Items/Weapons/DaGuChui,Text,,大骨锤,大骨鎚
Configs/Items/Weapons/DaGuChui_Desc,Text,,"以某种巨大野兽的骨头包上铜皮所制成的武器，虽似粗制滥造，却是出乎意料的好用，具有实战使用的价值。
装备：攻击＋28","以某種巨大野獸的骨頭包上銅皮所製成的武器，雖似粗製濫造，卻是出乎意料的好用，具有實戰使用的價值。
裝備：攻擊＋28"
Configs/Items/Weapons/DaMoJinDao,Text,,大漠金刀,大漠金刀
Configs/Items/Weapons/DaMoJinDao_Desc,Text,,"沙漠民族的宝刀，不知为何流落到中原地区。刀背以纯金装饰，华丽至极。
装备：攻击＋24、命中＋8","沙漠民族的寶刀，不知為何流落到中原地區。刀背以純金裝飾，華麗至極。
裝備：攻擊＋24、命中＋8"
Configs/Items/Weapons/DianGangMao,Text,,点钢矛,點鋼矛
Configs/Items/Weapons/DianGangMao_Desc,Text,,"通体钢铸的长矛，非常沈重，能用于格档敌方的攻击，而本身的攻击力也相当不错，是战将所惯用之矛。
装备：攻击＋12、命中＋12","通體鋼鑄的長矛，非常沈重，能用於格檔敵方的攻擊，而本身的攻擊力也相當不錯，是戰將所慣用之矛。
裝備：攻擊＋12、命中＋12"
Configs/Items/Weapons/DuanGong,Text,,短弓,短弓
Configs/Items/Weapons/DuanGong_Desc,Text,,"一般猎户所使用的短弓，射程与威力都不甚理想，并不适合于战场上使用。
装备：攻击＋4、命中＋12","一般獵戶所使用的短弓，射程與威力都不甚理想，並不適合於戰場上使用。
裝備：攻擊＋4、命中＋12"
Configs/Items/Weapons/FangTianHuaJi,Text,,方天画戟,方天畫戟
Configs/Items/Weapons/FangTianHuaJi_Desc,Text,,"战神吕布所贯用的兵器，长一丈八、重九十斤，可以刺击、劈砍、削斩，足以应付战场上一切状况，能让吕布的武艺发挥的淋漓尽致。
装备：攻击＋28、命中＋16","戰神呂布所貫用的兵器，長一丈八、重九十斤，可以刺擊、劈砍、削斬，足以應付戰場上一切狀況，能讓呂布的武藝發揮的淋漓盡致。
裝備：攻擊＋28、命中＋16"
Configs/Items/Weapons/FeiHuGong,Text,,飞虎弓,飛虎弓
Configs/Items/Weapons/FeiHuGong_Desc,Text,,"以奇木『白虎杉』所制成的大弓，弓身上有黑白相间的纹路。传说中白虎杉是杀性极重的奇物，以此木所制成的武器破坏力极强。
装备：攻击＋10、命中＋16","以奇木『白虎杉』所製成的大弓，弓身上有黑白相間的紋路。傳說中白虎杉是殺性極重的奇物，以此木所製成的武器破壞力極強。
裝備：攻擊＋10、命中＋16"
Configs/Items/Weapons/FeiYiQiang,Text,,飞翼枪,飛翼槍
Configs/Items/Weapons/FeiYiQiang_Desc,Text,,"西凉马氏所传的镇家之宝，重八十斤，常人根本无法提的动，破坏力相当强。
装备：攻击＋18、命中＋14","西涼馬氏所傳的鎮家之寶，重八十斤，常人根本無法提的動，破壞力相當強。
裝備：攻擊＋18、命中＋14"
Configs/Items/Weapons/FengYuJian,Text,,凤羽剑,鳳羽劍
Configs/Items/Weapons/FengYuJian_Desc,Text,,"锻造巧匠以非常功力，将凤羽置于铁心之中，以此铁心为体、铸成长剑，带有凤凰之力，威力更胜一般的剑类武器。
装备：攻击＋12、命中＋14","鍛造巧匠以非常功力，將鳳羽置於鐵心之中，以此鐵心為體、鑄成長劍，帶有鳳凰之力，威力更勝一般的劍類武器。
裝備：攻擊＋12、命中＋14"
Configs/Items/Weapons/FuTianJian,Text,,覆天剑,覆天劍
Configs/Items/Weapons/FuTianJian_Desc,Text,,"名匠蒲良以神剑倚天剑为目标所铸造的名剑，以覆天为名，有与倚天剑一较长短的意味。
装备：攻击＋20、命中＋18","名匠蒲良以神劍倚天劍為目標所鑄造的名劍，以覆天為名，有與倚天劍一較長短的意味。
裝備：攻擊＋20、命中＋18"
Configs/Items/Weapons/GanJiang,Text,,干将,干將
Configs/Items/Weapons/GanJiangMoYe,Text,,干将莫邪,干將莫邪
Configs/Items/Weapons/GanJiangMoYe_Desc,Text,,"浪迹天下的杂细郎专门将天下凡剑制成神兵利器。此剑乃将干将、莫邪两大名剑烧熔重铸而成的绝代神兵，有某种特殊力量附著于其上。
装备：攻击＋20、命中＋12","浪跡天下的雜細郎專門將天下凡劍製成神兵利器。此劍乃將干將、莫邪兩大名劍燒熔重鑄而成的絕代神兵，有某種特殊力量附著於其上。
裝備：攻擊＋20、命中＋12"
Configs/Items/Weapons/GanJiang_Desc,Text,,"古名匠干将所铸成的一代名剑，与莫邪并为古剑双英，是为其中的雄剑。
装备：攻击＋14、命中＋8","古名匠干將所鑄成的一代名劍，與莫邪並為古劍雙英，是為其中的雄劍。
裝備：攻擊＋14、命中＋8"
Configs/Items/Weapons/HeiLongQiang,Text,,黑龙枪,黑龍槍
Configs/Items/Weapons/HeiLongQiang_Desc,Text,,"以黑龙枯骨为枪杆，不但提升了杀伤力，而且更为轻便好用，是相当不错的枪类武器。
装备：攻击＋10、命中＋12","以黑龍枯骨為槍桿，不但提升了殺傷力，而且更為輕便好用，是相當不錯的槍類武器。
裝備：攻擊＋10、命中＋12"
Configs/Items/Weapons/HongYanZhiJi,Text,,红颜知己,紅顏知己
Configs/Items/Weapons/HongYanZhiJi_Desc,Text,,"装饰精美的佩剑，历时已久，铸造者不明。刃长二尺七、剑宽一寸三、柄长七寸二，剑轻刃薄，适合女子所用。因剑上刻有『喟知己者少、叹红颜命薄』，而被命名为『红颜知己』。
装备：攻击＋16、命中＋14","裝飾精美的佩劍，歷時已久，鑄造者不明。刃長二尺七、劍寬一寸三、柄長七寸二，劍輕刃薄，適合女子所用。因劍上刻有『喟知己者少、嘆紅顏命薄』，而被命名為『紅顏知己』。
裝備：攻擊＋16、命中＋14"
Configs/Items/Weapons/HuHuangDao,Text,,虎皇刀,虎皇刀
Configs/Items/Weapons/HuHuangDao_Desc,Text,,"刀身上有相间的纹彩，状似虎纹，被视为虎魄附刃，因而得名。此刀重量较轻，在大刀类武器中算是中等之作。
装备：攻击＋18、命中＋6","刀身上有相間的紋彩，狀似虎紋，被視為虎魄附刃，因而得名。此刀重量較輕，在大刀類武器中算是中等之作。
裝備：攻擊＋18、命中＋6"
Configs/Items/Weapons/HuWenDao,Text,,虎纹刀,虎紋刀
Configs/Items/Weapons/HuWenDao_Desc,Text,,"汉将军李广所爱用的刀形，为战阵上相当简单易用的武器，至今仍广泛被使用。
装备：攻击＋9、命中＋8","漢將軍李廣所愛用的刀形，為戰陣上相當簡單易用的武器，至今仍廣泛被使用。
裝備：攻擊＋9、命中＋8"
Configs/Items/Weapons/HuoLingMao,Text,,火灵矛,火靈矛
Configs/Items/Weapons/HuoLingMao_Desc,Text,,"以高温烈焰反复锻炼而成的铁矛，通体由黑铁铸成，以沈重的质量增强破坏力，在矛类武器中算是相当优秀！
装备：攻击＋18、命中＋14","以高溫烈焰反覆鍛鍊而成的鐵矛，通體由黑鐵鑄成，以沈重的質量增強破壞力，在矛類武器中算是相當優秀！
裝備：攻擊＋18、命中＋14"
Configs/Items/Weapons/JiangJunDao,Text,,将军刀,將軍刀
Configs/Items/Weapons/JiangJunDao_Desc,Text,,"原为汉将军霍去病所惯用的武器，后来这种刀型被工匠保存了下来并加以改良，制成战阵上常用的强力兵器，杀伤力非常强。
装备：攻击＋26、命中＋8","原為漢將軍霍去病所慣用的武器，後來這種刀型被工匠保存了下來並加以改良，製成戰陣上常用的強力兵器，殺傷力非常強。
裝備：攻擊＋26、命中＋8"
Configs/Items/Weapons/JiaoYiGong,Text,,角翼弓 ,角翼弓
Configs/Items/Weapons/JiaoYiGong_Desc,Text,,"弓身两端以巨牛角装饰，并增加弓箭张力，中央则附上两翼造型作为辅助瞄准，在攻击力、命中优势上都有不错的表现。
装备：攻击＋8、命中＋14","弓身兩端以巨牛角裝飾，並增加弓箭張力，中央則附上兩翼造型作為輔助瞄準，在攻擊力、命中優勢上都有不錯的表現。
裝備：攻擊＋8、命中＋14"
Configs/Items/Weapons/JinChanGong,Text,,金蝉弓,金蟬弓
Configs/Items/Weapons/JinChanGong_Desc,Text,,"以铜铁合金所制成的袖珍小弓，大小只有短弓的一半，可以藏在宽大的袍子里，杀伤力虽弱，但却常能收突袭之效，而且准度奇佳。
装备：攻击＋4、命中＋20","以銅鐵合金所製成的袖珍小弓，大小只有短弓的一半，可以藏在寬大的袍子裡，殺傷力雖弱，但卻常能收突襲之效，而且準度奇佳。
裝備：攻擊＋4、命中＋20"
Configs/Items/Weapons/JinGangChui,Text,,金刚锤,金剛鎚
Configs/Items/Weapons/JinGangChui_Desc,Text,,"佛教中力士所持的武器，后来不但被实用于战阵之上，也成为强壮者的证明。
装备：攻击＋24、命中＋4","佛教中力士所持的武器，後來不但被實用於戰陣之上，也成為強壯者的證明。
裝備：攻擊＋24、命中＋4"
Configs/Items/Weapons/JinGeYuJi,Text,,金戈玉戟,金戈玉戟
Configs/Items/Weapons/JinGeYuJi_Desc,Text,,"朝廷卫士所用的武器，礼仪装饰上的性质较高，属于重看不重用的类型。
装备：攻击＋8、命中＋8","朝廷衛士所用的武器，禮儀裝飾上的性質較高，屬於重看不重用的類型。
裝備：攻擊＋8、命中＋8"
Configs/Items/Weapons/JinHuangDao,Text,,金煌刀,金煌刀
Configs/Items/Weapons/JinHuangDao_Desc,Text,,"大刀刀身镀上一片金膜，制成这把造型华贵的武器，攻击力算是普通，反而是炫耀装饰的性质较高。但由于此刀并非专门做给武人所用，所以重量特别轻，因而提升了命中优势。
装备：攻击＋20、命中＋12","大刀刀身鍍上一片金膜，製成這把造型華貴的武器，攻擊力算是普通，反而是炫耀裝飾的性質較高。但由於此刀並非專門做給武人所用，所以重量特別輕，因而提升了命中優勢。
裝備：攻擊＋20、命中＋12"
Configs/Items/Weapons/KuangZhanDao,Text,,狂战刀,狂戰刀
Configs/Items/Weapons/KuangZhanDao_Desc,Text,,"被死于刀下的亡魂所诅咒的兵器，破坏力与命中率都大幅下降，使用这种兵器很难在战场上生存。偶而这种兵器会流落到武器店，寻求下一个主人。
装备：攻击＋20、命中＋4","被死於刀下的亡魂所詛咒的兵器，破壞力與命中率都大幅下降，使用這種兵器很難在戰場上生存。偶而這種兵器會流落到武器店，尋求下一個主人。
裝備：攻擊＋20、命中＋4"
Configs/Items/Weapons/LangYaQiang,Text,,狼牙枪,狼牙槍
Configs/Items/Weapons/LangYaQiang_Desc,Text,,"西域羌族所用的长枪，于骑战、步战方面都表现不俗，因枪杆上都用狼牙装饰，所以称为狼牙枪。
装备：攻击＋12、命中＋8","西域羌族所用的長槍，於騎戰、步戰方面都表現不俗，因槍桿上都用狼牙裝飾，所以稱為狼牙槍。
裝備：攻擊＋12、命中＋8"
Configs/Items/Weapons/LeiMingGong,Text,,雷鸣弓,雷鳴弓
Configs/Items/Weapons/LeiMingGong_Desc,Text,,"相传为具有雷神之力的神弓，发箭时夹带风雷之势隐隐有破空之声，大幅提升了攻击力。
装备：攻击＋10、命中＋14","相傳為具有雷神之力的神弓，發箭時夾帶風雷之勢隱隱有破空之聲，大幅提昇了攻擊力。
裝備：攻擊＋10、命中＋14"
Configs/Items/Weapons/LiHuaQiang,Text,,梨花枪,梨花槍
Configs/Items/Weapons/LiHuaQiang_Desc,Text,,"将一般的长枪加以改良，并佐以红穗装饰，成为相当好用的枪类武器，通常由将领所使用。
装备：攻击＋8、命中＋12","將一般的長槍加以改良，並佐以紅穗裝飾，成為相當好用的槍類武器，通常由將領所使用。
裝備：攻擊＋8、命中＋12"
Configs/Items/Weapons/LianHuanNu,Text,,连环弩,連環弩
Configs/Items/Weapons/LianHuanNu_Desc,Text,,"诸葛弩的原型，以机关箭匣自动送箭，达到连续射击的效果，而且重量甚轻，可以单手持用，提升了命中率。
装备：攻击＋6、命中＋14","諸葛弩的原型，以機關箭匣自動送箭，達到連續射擊的效果，而且重量甚輕，可以單手持用，提升了命中率。
裝備：攻擊＋6、命中＋14"
Configs/Items/Weapons/LieHuoLiaoYuan,Text,,烈火燎原,烈火燎原
Configs/Items/Weapons/LieHuoLiaoYuan_Desc,Text,,"不知是何人所铸的兵器，似以天外星石所造，其威能已达到『神兵』之境界。因刀柄上刻有『夜星焚空、烈火燎原』的句子，而被命名为烈火燎原。
装备：攻击＋30、命中＋8","不知是何人所鑄的兵器，似以天外星石所造，其威能已達到『神兵』之境界。因刀柄上刻有『夜星焚空、烈火燎原』的句子，而被命名為烈火燎原。
裝備：攻擊＋30、命中＋8"
Configs/Items/Weapons/LieYan,Text,,冽炎,冽炎
Configs/Items/Weapons/LieYan_Desc,Text,,"蒲良所铸造之重戟，戟尖与刃身各由昊焠铁、玄冰晶构成，融合烈阳玄阴之力，而带有某种莫名的力量。
装备：攻击＋24、命中＋12","蒲良所鑄造之重戟，戟尖與刃身各由昊焠鐵、玄冰晶構成，融合烈陽玄陰之力，而帶有某種莫名的力量。
裝備：攻擊＋24、命中＋12"
Configs/Items/Weapons/LingSheJian,Text,,灵蛇剑,靈蛇劍
Configs/Items/Weapons/LingSheJian_Desc,Text,,"剑身铸成蛇行弯曲之形的奇门武器，对于临敌经验不足的敌人具有出奇制胜之效。
装备：攻击＋12、命中＋8","劍身鑄成蛇行彎曲之形的奇門武器，對於臨敵經驗不足的敵人具有出奇制勝之效。
裝備：攻擊＋12、命中＋8"
Configs/Items/Weapons/LongLinFengYu,Text,,龙鳞凤羽,龍鱗鳳羽
Configs/Items/Weapons/LongLinFengYu_Desc,Text,,"浪迹天下的杂细郎专门将天下凡剑制成神兵利器。此剑乃将龙鳞剑、凤羽剑烧熔重铸而成的神兵，杀伤力与命中优势都有相当的水准，而且还带有某种特殊力量！
装备：攻击＋18、命中＋18","浪跡天下的雜細郎專門將天下凡劍製成神兵利器。此劍乃將龍鱗劍、鳳羽劍燒熔重鑄而成的神兵，殺傷力與命中優勢都有相當的水準，而且還帶有某種特殊力量！
裝備：攻擊＋18、命中＋18"
Configs/Items/Weapons/LongLinJian,Text,,龙鳞剑,龍鱗劍
Configs/Items/Weapons/LongLinJian_Desc,Text,,"剑长三尺，棱上镶有青龙鳞片，带有森森寒气，远较一般长剑锋利许多，但仍未臻名器之列。
装备：攻击＋14、命中＋12","劍長三尺，稜上鑲有青龍鱗片，帶有森森寒氣，遠較一般長劍鋒利許多，但仍未臻名器之列。
裝備：攻擊＋14、命中＋12"
Configs/Items/Weapons/MoYe,Text,,莫邪,莫邪
Configs/Items/Weapons/MoYe_Desc,Text,,"以名匠干将之妻莫邪所命名的长剑，与干将剑并列古剑双英，属于雌剑。
装备：攻击＋12、命中＋10","以名匠干將之妻莫邪所命名的長劍，與干將劍並列古劍雙英，屬於雌劍。
裝備：攻擊＋12、命中＋10"
Configs/Items/Weapons/PoCangQiong,Text,,破苍穹,破蒼穹
Configs/Items/Weapons/PoCangQiong_Desc,Text,,"黄忠所爱用的巨弓，是弓类武器的名器之一。
装备：攻击＋12、命中＋22","黃忠所愛用的巨弓，是弓類武器的名器之一。
裝備：攻擊＋12、命中＋22"
Configs/Items/Weapons/PoFengDao,Text,,泼风刀,潑風刀
Configs/Items/Weapons/PoFengDao_Desc,Text,,"蒲良铸造的单手刀，刀气勃发，可与天风相呼应，舞动时刀气如风息流动，威势惊人。
装备：攻击＋27、命中＋10","蒲良鑄造的單手刀，刀氣勃發，可與天風相呼應，舞動時刀氣如風息流動，威勢驚人。
裝備：攻擊＋27、命中＋10"
Configs/Items/Weapons/PoMoQiang,Text,,破魔枪,破魔槍
Configs/Items/Weapons/PoMoQiang_Desc,Text,,"在长枪铸成后，于道坛供奉四十九天，并以公鸡血写上符咒，而有避邪除妖之能，专克天下魔物。
装备：攻击＋12、命中＋6","在長槍鑄成後，於道壇供奉四十九天，並以公雞血寫上符咒，而有避邪除妖之能，專剋天下魔物。
裝備：攻擊＋12、命中＋6"
Configs/Items/Weapons/QiLinJian,Text,,麒麟剑,麒麟劍
Configs/Items/Weapons/QiLinJian_Desc,Text,,"以麒麟为名的仗仪用剑，原为皇室宗庙祭祀的礼仪用品，但在战场上使用也有相当的水准。
装备：攻击＋10、命中＋10","以麒麟為名的仗儀用劍，原為皇室宗廟祭祀的禮儀用品，但在戰場上使用也有相當的水準。
裝備：攻擊＋10、命中＋10"
Configs/Items/Weapons/QiMuGong,Text,,漆木弓,漆木弓
Configs/Items/Weapons/QiMuGong_Desc,Text,,"以杉木制成的大弓，再涂上琥珀漆，增强弓身的强度，也提升了射击时的稳定性。
装备：攻击＋6、命中＋18","以杉木製成的大弓，再塗上琥珀漆，增強弓身的強度，也提升了射擊時的穩定性。
裝備：攻擊＋6、命中＋18"
Configs/Items/Weapons/QiXingJian,Text,,七星剑,七星劍
Configs/Items/Weapons/QiXingJian_Desc,Text,,"剑身上刻有北斗七星的长剑，是道教人士爱用的伏邪神兵。
装备：攻击＋12、命中＋6","劍身上刻有北斗七星的長劍，是道教人士愛用的伏邪神兵。
裝備：攻擊＋12、命中＋6"
Configs/Items/Weapons/QiXueDao,Text,,泣血刀,泣血刀
Configs/Items/Weapons/QiXueDao_Desc,Text,,"蒲良所铸造的长柄大刀，无坚不摧、锋锐至极，铸造此刀时，蒲良有预感此刀将造成杀孽无数，因而泣泪于刀身，留下有如血痕般的痕迹，以此命名为泣血刀。
装备：攻击＋30、命中＋8","蒲良所鑄造的長柄大刀，無堅不摧、鋒銳至極，鑄造此刀時，蒲良有預感此刀將造成殺孽無數，因而泣淚於刀身，留下有如血痕般的痕跡，以此命名為泣血刀。
裝備：攻擊＋30、命中＋8"
Configs/Items/Weapons/QianDuanBaiLian,Text,,千锻百练,千鍛百練
Configs/Items/Weapons/QianDuanBaiLian_Desc,Text,,"浪迹天下的杂细郎专门将天下凡剑制成神兵利器。此剑乃将千锻剑、百练剑烧熔合铸而成的神兵，攻击力大幅提升，与之前原形实乃天壤之别。
装备：攻击＋22、命中＋12","浪跡天下的雜細郎專門將天下凡劍製成神兵利器。此劍乃將千鍛劍、百練劍燒熔合鑄而成的神兵，攻擊力大幅提昇，與之前原形實乃天壤之別。
裝備：攻擊＋22、命中＋12"
Configs/Items/Weapons/QianDuanJian,Text,,千锻剑,千鍛劍
Configs/Items/Weapons/QianDuanJian_Desc,Text,,"以千层薄铁反复锻造所铸成的长剑，剑刃窄利、剑形修长，不耐重击，只适合快速刺砍所用。
装备：攻击＋10、命中＋8","以千層薄鐵反覆鍛造所鑄成的長劍，劍刃窄利、劍形修長，不耐重擊，只適合快速刺砍所用。
裝備：攻擊＋10、命中＋8"
Configs/Items/Weapons/QianJinJuChui,Text,,千金巨锤,千斤巨鎚
Configs/Items/Weapons/QianJinJuChui_Desc,Text,,"『千斤』只是夸饰，实际上的重量为一百二十斤，但要单手舞动如此沈重的重锤，确实是要有千斤之力才行。
装备：攻击＋20","『千斤』只是誇飾，實際上的重量為一百二十斤，但要單手舞動如此沈重的重鎚，確實是要有千斤之力才行。
裝備：攻擊＋20"
Configs/Items/Weapons/QingFengJian,Text,,青锋剑,青鋒劍
Configs/Items/Weapons/QingFengJian_Desc,Text,,"以铜为体的战场用剑，在锋刃处经过了特殊处理，泛有淡色青光，在战场上经常见的到。
装备：攻击＋6、命中＋4","以銅為體的戰場用劍，在鋒刃處經過了特殊處理，泛有淡色青光，在戰場上經常見的到。
裝備：攻擊＋6、命中＋4"
Configs/Items/Weapons/QingLongYanYueDao,Text,,青龙偃月刀,青龍偃月刀
Configs/Items/Weapons/QingLongYanYueDao_Desc,Text,,"龙蛇老人重造偃月刀，寄附青龙魂体，而铸成当世神兵。青龙偃月刀长一丈八、重八十二斤，上有青龙吞月之纹，破坏力傲冠当世神兵。
装备：攻击＋34、命中＋12","龍蛇老人重造偃月刀，寄附青龍魂體，而鑄成當世神兵。青龍偃月刀長一丈八、重八十二斤，上有青龍吞月之紋，破壞力傲冠當世神兵。
裝備：攻擊＋34、命中＋12"
Configs/Items/Weapons/QingQangJian,Text,,青釭剑,青釭劍
Configs/Items/Weapons/QingQangJian_Desc,Text,,"曹操的佩剑，以千年寒铁为心，利而不脆、坚而难折，剑锋青芒闪耀，是当世名剑之一。
装备：攻击＋22、命中＋14","曹操的佩劍，以千年寒鐵為心，利而不脆、堅而難折，劍鋒青芒閃耀，是當世名劍之一。
裝備：攻擊＋22、命中＋14"
Configs/Items/Weapons/ShaYingJian,Text,,杀影剑,殺影劍
Configs/Items/Weapons/ShaYingJian_Desc,Text,,"剑长一尺半，棱薄锋钝、不甚起眼，但铸造时曾以百牲之血为祭，造就此剑独具杀心，仿佛有自动追踪敌人、令敌人防不胜防的能力。
装备：攻击＋4、命中＋18","劍長一尺半，稜薄鋒鈍、不甚起眼，但鑄造時曾以百牲之血為祭，造就此劍獨具殺心，彷彿有自動追蹤敵人、令敵人防不勝防的能力。
裝備：攻擊＋4、命中＋18"
Configs/Items/Weapons/SheRiGong,Text,,射日弓,射日弓
Configs/Items/Weapons/SheRiGong_Desc,Text,,"羌族最强的勇士才能使用的大弓。在中原与羌族的传说中，后羿就是以此弓射下太阳。
装备：攻击＋10、命中＋28","羌族最強的勇士才能使用的大弓。在中原與羌族的傳說中，后羿就是以此弓射下太陽。
裝備：攻擊＋10、命中＋28"
Configs/Items/Weapons/ShiTouDao,Text,,狮头刀,獅頭刀
Configs/Items/Weapons/ShiTouDao_Desc,Text,,"刀柄接头上以状似狮子的灵兽造型装饰，具有避邪、驱魔的效果，除此之外，攻击力也相当不凡！
装备：攻击＋28、命中＋2","刀柄接頭上以狀似獅子的靈獸造型裝飾，具有避邪、驅魔的效果，除此之外，攻擊力也相當不凡！
裝備：攻擊＋28、命中＋2"
Configs/Items/Weapons/ShuangFeiJian,Text,,双飞剑,雙飛劍
Configs/Items/Weapons/ShuangFeiJian_Desc,Text,,"为一组对剑，其中分为左翼、右翼，要双剑合璧才有制敌之效，因而取『比翼双飞』之意，将其命名为双飞剑。
装备：攻击＋12、命中＋15","為一組對劍，其中分為左翼、右翼，要雙劍合璧才有制敵之效，因而取『比翼雙飛』之意，將其命名為雙飛劍。
裝備：攻擊＋12、命中＋15"
Configs/Items/Weapons/TengSheDianGangMao,Text,,滕蛇点钢矛,騰蛇點鋼矛
Configs/Items/Weapons/TengSheDianGangMao_Desc,Text,,"以点钢矛为原体，经过龙舌老人的练化之后，而进化成腾蛇点钢矛，威力惊人，为矛类武器之冠。
装备：攻击＋26、命中＋24","以點鋼矛為原體，經過龍舌老人的練化之後，而進化成騰蛇點鋼矛，威力驚人，為矛類武器之冠。
裝備：攻擊＋26、命中＋24"
Configs/Items/Weapons/TianYaoJi,Text,,天妖戟,天妖戟
Configs/Items/Weapons/TianYaoJi_Desc,Text,,"铸造时刻意招引天地妖气，使得邪念附著于戟上，使一般长戟变成更有杀伤力的武器，这种邪恶的作法使得这种戟被冠上『天妖』之名。
装备：攻击＋18、命中＋8","鑄造時刻意招引天地妖氣，使得邪念附著於戟上，使一般長戟變成更有殺傷力的武器，這種邪惡的作法使得這種戟被冠上『天妖』之名。
裝備：攻擊＋18、命中＋8"
Configs/Items/Weapons/TieGong,Text,,铁弓,鐵弓
Configs/Items/Weapons/TieGong_Desc,Text,,"以铁条制成弓身的战场用弓，利用铁制弓身的巨大张力提升杀伤力，但过于沈重，命中优势有限。
装备：攻击＋6、命中＋12","以鐵條製成弓身的戰場用弓，利用鐵製弓身的巨大張力提升殺傷力，但過於沈重，命中優勢有限。
裝備：攻擊＋6、命中＋12"
Configs/Items/Weapons/TongJianMao,Text,,铜尖矛,銅尖矛
Configs/Items/Weapons/TongJianMao_Desc,Text,,"以黄铜铸成矛头，再装上杉木矛杆，是最基本的矛类武器。
装备：攻击＋8、命中＋12","以黃銅鑄成矛頭，再裝上杉木矛桿，是最基本的矛類武器。
裝備：攻擊＋8、命中＋12"
Configs/Items/Weapons/TuHunJian,Text,,屠魂剑,屠魂劍
Configs/Items/Weapons/TuHunJian_Desc,Text,,"虽然名为屠魂，事实上只是普通的厚棱剑，没有任何特殊功用，徒具虚名而已。
装备：攻击＋8、命中＋4","雖然名為屠魂，事實上只是普通的厚稜劍，沒有任何特殊功用，徒具虛名而已。
裝備：攻擊＋8、命中＋4"
Configs/Items/Weapons/WeiShengJi,Text,,卫圣戟,衛聖戟
Configs/Items/Weapons/WeiShengJi_Desc,Text,,"传说这种戟在铸造时，需在原铁中熔入了奇石『麒麟胆』，而让武器带有麒麟神圣的属性，但这也只是传言而已。
装备：攻击＋20、命中＋16","傳說這種戟在鑄造時，需在原鐵中熔入了奇石『麒麟膽』，而讓武器帶有麒麟神聖的屬性，但這也只是傳言而已。
裝備：攻擊＋20、命中＋16"
Configs/Items/Weapons/WuJinChui,Text,,乌金锤,烏金鎚
Configs/Items/Weapons/WuJinChui_Desc,Text,,"以紫铁乌金铸造的重锤，锤头与柄部都是一体成形，杀伤力惊人，是相当优秀的兵器。
装备：攻击＋24","以紫鐵烏金鑄造的重鎚，鎚頭與柄部都是一體成形，殺傷力驚人，是相當優秀的兵器。
裝備：攻擊＋24"
Configs/Items/Weapons/XiangJianQiang,Text,,镶尖枪,鑲尖槍
Configs/Items/Weapons/XiangJianQiang_Desc,Text,,"在枪头上经过特殊处理，比一般刃锋更为锋利，非常适合突刺，但在命中优势上较为薄弱。
装备：攻击＋10、命中＋4","在槍頭上經過特殊處理，比一般刃鋒更為鋒利，非常適合突刺，但在命中優勢上較為薄弱。
裝備：攻擊＋10、命中＋4"
Configs/Items/Weapons/XiaoXiongDao,Text,,枭雄刀,梟雄刀
Configs/Items/Weapons/XiaoXiongDao_Desc,Text,,"为单刀之中相当特别的款式，刀背极厚、刃有锯角，被砍中者非死即残，相当霸道。
装备：攻击＋18、命中＋10","為單刀之中相當特別的款式，刀背極厚、刃有鋸角，被砍中者非死即殘，相當霸道。
裝備：攻擊＋18、命中＋10"
Configs/Items/Weapons/XiaoYueDao,Text,,啸月刀,嘯月刀
Configs/Items/Weapons/XiaoYueDao_Desc,Text,,"刀中之王，刀鞘上刻有『我独横刀向天啸，怒破云海定昆仑』之句，霸道无匹。与倚天剑并称刀剑神兵。
装备：攻击＋33、命中＋14","刀中之王，刀鞘上刻有『我獨橫刀向天嘯，怒破雲海定崑崙』之句，霸道無匹。與倚天劍並稱刀劍神兵。
裝備：攻擊＋33、命中＋14"
Configs/Items/Weapons/XiuLuoDao,Text,,修罗刀,修羅刀
Configs/Items/Weapons/XiuLuoDao_Desc,Text,,"以佛教神话八部众之中阿修罗的形象为概念，所铸成的名刀，杀伤力相当强。
装备：攻击＋15、命中＋10","以佛教神話八部眾之中阿修羅的形象為概念，所鑄成的名刀，殺傷力相當強。
裝備：攻擊＋15、命中＋10"
Configs/Items/Weapons/XuanTieBaiYu,Text,,玄铁白玉,玄鐵白玉
Configs/Items/Weapons/XuanTieBaiYu_Desc,Text,,"浪迹天下的杂细郎专门将天下凡剑制成神兵利器。此剑乃将玄铁剑、白玉剑烧熔重铸，以玄铁为锋、白玉为柄兼二者之长，攻击与命中兼顾。
装备：攻击＋16、命中＋18","浪跡天下的雜細郎專門將天下凡劍製成神兵利器。此劍乃將玄鐵劍、白玉劍燒熔重鑄，以玄鐵為鋒、白玉為柄兼二者之長，攻擊與命中兼顧。
裝備：攻擊＋16、命中＋18"
Configs/Items/Weapons/XuanTieJian,Text,,玄铁剑,玄鐵劍
Configs/Items/Weapons/XuanTieJian_Desc,Text,,"以六熔六造的技术，将千年玄铁铸造而成的重剑，无锋无棱，但刚硬质重、杀伤力远胜于一般长剑。
装备：攻击＋14、命中＋6","以六熔六造的技術，將千年玄鐵鑄造而成的重劍，無鋒無稜，但剛硬質重、殺傷力遠勝於一般長劍。
裝備：攻擊＋14、命中＋6"
Configs/Items/Weapons/XueYanJi,Text,,血焰戟,血焰戟
Configs/Items/Weapons/XueYanJi_Desc,Text,,"铁匠在铸造此武器时，竟以人血染铁，使其带有凶恶杀气，但也因为如此，使得锋刃较钝，攻击力大减，算是本末倒置的产物。
装备：攻击＋14、命中＋8","鐵匠在鑄造此武器時，竟以人血染鐵，使其帶有兇惡殺氣，但也因為如此，使得鋒刃較鈍，攻擊力大減，算是本末倒置的產物。
裝備：攻擊＋14、命中＋8"
Configs/Items/Weapons/YanYueDao,Text,,偃月刀,偃月刀
Configs/Items/Weapons/YanYueDao_Desc,Text,,"刀首做成弯月之形，加上长达一丈二的刀柄，制成适合骑战使用的长柄大刀，适合披砍、横斩等等大动作。
装备：攻击＋18、命中＋4","刀首做成彎月之形，加上長達一丈二的刀柄，製成適合騎戰使用的長柄大刀，適合披砍、橫斬等等大動作。
裝備：攻擊＋18、命中＋4"
Configs/Items/Weapons/YiTianJian,Text,,倚天剑,倚天劍
Configs/Items/Weapons/YiTianJian_Desc,Text,,"左慈所赠与之天界神兵，其上刻有『剑化飞虹腾空去，倚天逞锋擘苍穹』之名句。剑气凌霄、锐不可当。
装备：攻击＋24、命中＋20","左慈所贈與之天界神兵，其上刻有『劍化飛虹騰空去，倚天逞鋒擘蒼穹』之名句。劍氣凌霄、銳不可當。
裝備：攻擊＋24、命中＋20"
Configs/Items/Weapons/YingZhuaQiang,Text,,鹰爪枪,鷹爪槍
Configs/Items/Weapons/YingZhuaQiang_Desc,Text,,"将单一枪刃改为双尖刃，附加倒沟、状似鹰爪，杀伤力甚强。也是后世三尖枪的原型。
装备：攻击＋14、命中＋8","將單一槍刃改為雙尖刃，附加倒溝、狀似鷹爪，殺傷力甚強。也是後世三尖槍的原型。
裝備：攻擊＋14、命中＋8"
Configs/Items/Weapons/YuChangJian,Text,,鱼肠剑,魚腸劍
Configs/Items/Weapons/YuChangJian_Desc,Text,,"由刺客专诸所流传下来的特殊剑形，身短刃薄、易于收藏，但绝不适合于战阵上使用。
装备：攻击＋4、命中＋2","由刺客專諸所流傳下來的特殊劍形，身短刃薄、易於收藏，但絕不適合於戰陣上使用。
裝備：攻擊＋4、命中＋2"
Configs/Items/Weapons/YueNvJian,Text,,越女剑,越女劍
Configs/Items/Weapons/YueNvJian_Desc,Text,,"自战国时代就流传于中原的古剑形式，是中华长剑基本的剑形之一。
装备：攻击＋6、命中＋21","自戰國時代就流傳於中原的古劍形式，是中華長劍基本的劍形之一。
裝備：攻擊＋6、命中＋21"
Configs/Items/Weapons/ZhanMaDao,Text,,斩马刀,斬馬刀
Configs/Items/Weapons/ZhanMaDao_Desc,Text,,"战场上骑兵惯用之长柄大刀，专斩敌人坐骑，逼敌方下马，后来也有制成步兵用的形式。
装备：攻击＋12、命中＋6","戰場上騎兵慣用之長柄大刀，專斬敵人坐騎，逼敵方下馬，後來也有製成步兵用的形式。
裝備：攻擊＋12、命中＋6"
Configs/Items/Weapons/ZhanMao,Text,,战矛,戰矛
Configs/Items/Weapons/ZhanMao_Desc,Text,,"将军级的人物所使用的武器，矛头经过特殊处理，在不牺牲命中率的前提下，提升更强攻击力，在战场上更能显现其优越。
装备：攻击＋16、命中＋12","將軍級的人物所使用的武器，矛頭經過特殊處理，在不犧牲命中率的前提下，提升更強攻擊力，在戰場上更能顯現其優越。
裝備：攻擊＋16、命中＋12"
Configs/Items/Weapons/ZhenYue,Text,,镇岳,鎮嶽
Configs/Items/Weapons/ZhenYue_Desc,Text,,"蒲良铸造的重锤，具有撼动山岳的威势，基本攻击力居于神兵之冠，命名为镇岳当之无愧。
装备：攻击＋36","蒲良鑄造的重鎚，具有撼動山嶽的威勢，基本攻擊力居於神兵之冠，命名為鎮嶽當之無愧。
裝備：攻擊＋36"
Configs/Items/Weapons/ZhuGeNu,Text,,诸葛弩,諸葛弩
Configs/Items/Weapons/ZhuGeNu_Desc,Text,,"诸葛亮所改造一般的弩弓，在其内装置箭匣与弹簧机关，大幅提升了弩弓的性能。
装备：攻击＋8、命中＋18","諸葛亮所改造一般的弩弓，在其內裝置箭匣與彈簧機關，大幅提昇了弩弓的性能。
裝備：攻擊＋8、命中＋18"
Configs/Items/Weapons/ZhuRongQiang,Text,,祝融枪,祝融槍
Configs/Items/Weapons/ZhuRongQiang_Desc,Text,,"经过金焰百淬而铸成的长枪，不但杀伤力强，而且此枪本身相当嗜血，对攻击敌人的意愿极为强烈。
装备：攻击＋12、命中＋14","經過金焰百淬而鑄成的長槍，不但殺傷力強，而且此槍本身相當嗜血，對攻擊敵人的意願極為強烈。
裝備：攻擊＋12、命中＋14"
Configs/Items/Weapons/ZiYuDao,Text,,紫玉刀,紫玉刀
Configs/Items/Weapons/ZiYuDao_Desc,Text,,"以紫玉髓为材质所打造而成的奇刀，整个打造过程全不入火，保持紫玉的遍体通寒，刀气逼人、锐不可挡。
装备：攻击＋21、命中＋10","以紫玉髓為材質所打造而成的奇刀，整個打造過程全不入火，保持紫玉的遍體通寒，刀氣逼人、銳不可擋。
裝備：攻擊＋21、命中＋10"
Format/GoldsNotEnough,Text,,你身上的钱不够 {[GoldCount]} 两,你身上的錢不夠 {[GoldCount]} 兩
Format/GotGolds,Text,,<color=#00FF00>得到银两</color><color=#FF0000>   {[GoldCount]}   </color><color=#00FF00>两</color>,<color=#00FF00>得到銀兩</color><color=#FF0000>   {[GoldCount]}   </color><color=#00FF00>兩</color>
Format/GotItem,Text,,<color=#00FF00>得到</color><color=#FF0000>    {[ItemName]}</color>,<color=#00FF00>得到</color><color=#FF0000>    {[ItemName]}</color>
Format/QuestLiuCong_ToiletTime,Text,,<color=#00FF00>几分钟过去........</color>,<color=#00FF00>幾分鐘過去........</color>
ScenesNames/Map_BigMap,Text,,大地图,大地圖
ScenesNames/Map_RoomNanHua,Text,,南华老仙的小屋,南華老仙的小屋
ScenesNames/Map_RoomYingXiongTai,Text,,英雄亭外,英雄亭外
ScenesNames/Map_RoomYingXiongTing,Text,,英雄台,英雄臺
ScenesNames/Map_RoomYuJi,Text,,于吉仙人的小屋,于吉仙人的小屋
ScenesNames/Map_RoomZuoCi,Text,,左慈仙人的小屋,左慈仙人的小屋
ScenesNames/Map_TaoYuanXiang,Text,,桃源乡,桃源鄉
UI/Doc_Cancel,Text,,取消,取消
UI/Doc_Date,Text,,{[Year]}年{[Month]}月{[Day]}日,{[Year]}年{[Month]}月{[Day]}日
UI/Doc_Load,Text,,读档,讀檔
UI/Doc_PageInfo,Text,,第{[PageIndex]}页 共{[Pages]}页,第{[PageIndex]}頁 共{[Pages]}頁
UI/Doc_Save,Text,,存档,存檔
UI/InputName_Label,Text,,请输入姓名：,請輸入姓名：
UI/Main_ExitGame,Text,,离开游戏,離開遊戲
UI/Main_LoadGame,Text,,继续游历,繼續遊歷
UI/Main_NewGame,Text,,新的游戏,新的遊戲
UI/SettingInfo/Equipment/Setting_Equip_Acc,Text,,饰品,飾品
UI/SettingInfo/Equipment/Setting_Equip_Armor,Text,,防具,防具
UI/SettingInfo/Equipment/Setting_Equip_Weapon,Text,,武器,武器
UI/SettingInfo/Item/Setting_Item_Medic,Text,,药品,藥品
UI/SettingInfo/Item/Setting_Item_Prop,Text,,道具,道具
UI/SettingInfo/Item/Setting_Item_Special,Text,,特殊,特殊
UI/SettingInfo/Member/Setting_Member_Hp,Text,,生命：{[MemberHp]},生命：{[MemberHp]}
UI/SettingInfo/Member/Setting_Member_Mp,Text,,内力：{[MemberMp]},內力：{[MemberMp]}
UI/SettingInfo/Setting_Tab_Equipment,Text,,装备,裝備
UI/SettingInfo/Setting_Tab_Item,Text,,物品,物品
UI/SettingInfo/Setting_Tab_Skill,Text,,技能,技能
UI/SettingInfo/Setting_Tab_Status,Text,,状态,狀態
UI/SettingInfo/Setting_Tab_System,Text,,系统,系統
UI/SettingInfo/Setting_Tab_Team,Text,,队伍,隊伍
UI/SettingInfo/Skill/Setting_Skill_Points,Text,,技能点数,技能點數
UI/SettingInfo/Status/Setting_Status_Attack,Text,,<color=#00ff00>攻击：</color>{[StatusAttack]},<color=#00ff00>攻擊：</color>{[StatusAttack]}
UI/SettingInfo/Status/Setting_Status_Defense,Text,,<color=#00ff00>防御：</color>{[StatusDefense]},<color=#00ff00>防禦：</color>{[StatusDefense]}
UI/SettingInfo/Status/Setting_Status_Evade,Text,,<color=#00ff00>闪避：</color>{[StatusEvade]},<color=#00ff00>閃避：</color>{[StatusEvade]}
UI/SettingInfo/Status/Setting_Status_Exp,Text,,<color=#00FFFF>经验：</color>{[StatusExp]},<color=#00FFFF>經驗：</color>{[StatusExp]}
UI/SettingInfo/Status/Setting_Status_Hit,Text,,<color=#00ff00>命中：</color>{[StatusHit]},<color=#00ff00>命中：</color>{[StatusHit]}
UI/SettingInfo/Status/Setting_Status_Hp,Text,,<color=#00FFFF>生命：</color>{[StatusHp]},<color=#00FFFF>生命：</color>{[StatusHp]}
UI/SettingInfo/Status/Setting_Status_LV,Text,,<color=#00FFFF>等级：</color>{[StatusLv]},<color=#00FFFF>等級：</color>{[StatusLv]}
UI/SettingInfo/Status/Setting_Status_Luck,Text,,<color=#00ff00>幸运：</color>{[StatusLuck]},<color=#00ff00>幸運：</color>{[StatusLuck]}
UI/SettingInfo/Status/Setting_Status_Move,Text,,<color=#00ff00>移动：</color>{[StatusMove]},<color=#00ff00>移動：</color>{[StatusMove]}
UI/SettingInfo/Status/Setting_Status_Mp,Text,,<color=#00FFFF>内力：</color>{[StatusMp]},<color=#00FFFF>內力：</color>{[StatusMp]}
UI/SettingInfo/Status/Setting_Status_NeedUpExp,Text,,<color=#00FFFF>升级：</color>{[StatusNeedUpExp]},<color=#00FFFF>升級：</color>{[StatusNeedUpExp]}
UI/SettingInfo/Status/Setting_Status_SkillPoints,Text,,<color=#00ff00>技能点数：</color>{[StatusSkillPoints]},<color=#00ff00>技能點數：</color>{[StatusSkillPoints]}
UI/SettingInfo/Status/Setting_Status_Speed,Text,,<color=#00ff00>速度：</color>{[StatusSpeed]},<color=#00ff00>速度：</color>{[StatusSpeed]}
UI/SettingInfo/Status/Setting_Status_Understand,Text,,<color=#00ff00>悟性：</color>{[StatusUnderstand]},<color=#00ff00>悟性：</color>{[StatusUnderstand]}
UI/SettingInfo/Sys/Setting_Sys_Audio,Text,,音效,音效
UI/SettingInfo/Sys/Setting_Sys_BGM,Text,,音乐,音樂
UI/SettingInfo/Sys/Setting_Sys_Exit,Text,,离开,離開
UI/SettingInfo/Sys/Setting_Sys_Load,Text,,读取,讀取
UI/SettingInfo/Sys/Setting_Sys_Save,Text,,储存,儲存
UI/SettingInfo/Team/Notes/Setting_Note_AllFinished,Text,,如果一切顺利……时空将会归序，你也会回到自己的世界，忘了这时空的一切……唉，跟你在一起于各地游玩真是不错，可惜你注定要死在未来的时间，不能跟我当这世界阴间兄弟，真是太可惜了……,如果一切順利……時空將會歸序，你也會回到自己的世界，忘了這時空的一切……唉，跟你在一起於各地遊玩真是不錯，可惜你注定要死在未來的時間，不能跟我當這世界陰間兄弟，真是太可惜了……
UI/SettingInfo/Team/Notes/Setting_Note_BaGua,Text,,听孔明说得这么快，我看你一定有听没懂，我就好心帮你记下啦；这个八阵图的阵形中<color=#FFFF00>乾、兑色白，位归西方及西北方</color>；<color=#FFFF00>震、巽色青，位归东方及东南方</color>；<color=#FFFF00>坎色黑，归于北方</color>；<color=#FFFF00>离色红，位归南</color>；最后<color=#FFFF00>艮、坤色黄，位归于东北方及西南方</color>。而且坎卦是朝北方，离卦是朝南方的。,聽孔明說得這麼快，我看你一定有聽沒懂，我就好心幫你記下啦；這個八陣圖的陣形中<color=#FFFF00>乾、兌色白，位歸西方及西北方</color>；<color=#FFFF00>震、巽色青，位歸東方及東南方</color>；<color=#FFFF00>坎色黑，歸於北方</color>；<color=#FFFF00>離色紅，位歸南</color>；最後<color=#FFFF00>艮、坤色黃，位歸於東北方及西南方</color>。而且坎卦是朝北方，離卦是朝南方的。
UI/SettingInfo/Team/Notes/Setting_Note_BattleInXiaPi,Text,,虽然高顺毫不费力就夺得下邳，但也不表示夏侯惇就能轻松打败高顺，这场战其实还有得打。最好不要抱著会轻松获胜的希望。不过，如果是由我领军的话，那当然就不一样了，毕竟程度不同嘛！哈哈哈哈！,雖然高順毫不費力就奪得下邳，但也不表示夏侯惇就能輕鬆打敗高順，這場戰其實還有得打。最好不要抱著會輕鬆獲勝的希望。不過，如果是由我領軍的話，那當然就不一樣了，畢竟程度不同嘛！哈哈哈哈！
UI/SettingInfo/Team/Notes/Setting_Note_BuyBooksForLvMeng,Text,,吕蒙那个有勇无谋的家伙，的确要好好读些书充实充实，他要的那几本兵书，在各大书店都买得到，多走几家相信就可以买到。差点忘了记下他要的书名，你是不是有点紧张啊？他要的书有三本分别是<color=#FFFF00>黄石兵书</color>、<color=#FFFF00>孙子兵法</color>、<color=#FFFF00>六韬</color>。,呂蒙那個有勇無謀的傢伙，的確要好好讀些書充實充實，他要的那幾本兵書，在各大書店都買得到，多走幾家相信就可以買到。差點忘了記下他要的書名，你是不是有點緊張啊？他要的書有三本分別是<color=#FFFF00>黃石兵書</color>、<color=#FFFF00>孫子兵法</color>、<color=#FFFF00>六韜</color>。
UI/SettingInfo/Team/Notes/Setting_Note_CangMingHi,Text,,于吉那老头一早把我叫去，说要我当一个臭小子的保母……这样无理的要求，真是让我不禁悲从中来，我都已经死了那么久了，还得跟著那小子跑来跑去，照顾他无知的一举一动，真是太委屈我了。但是我苍溟身为众人目光所系的主角，艰难的任务是无法避免的，难道太有魅力也是一种错误吗？唉……,于吉那老頭一早把我叫去，說要我當一個臭小子的保母……這樣無理的要求，真是讓我不禁悲從中來，我都已經死了那麼久了，還得跟著那小子跑來跑去，照顧他無知的一舉一動，真是太委屈我了。但是我蒼溟身為眾人目光所繫的主角，艱難的任務是無法避免的，難道太有魅力也是一種錯誤嗎？唉……
UI/SettingInfo/Team/Notes/Setting_Note_CangMingIn,Text,,按照原定计划，我已经附在<color=#00FF00>{[MainLastName]}{[MainFirstName]}</color>身上，跟著他一同被传送至英雄台。这家伙看起来一副智慧有限的样子，一口气听到那么多重要消息，八成会听三句忘两句。幸好有我这么有智慧的得道之鬼跟在他身边，算我好心，帮他记一记重要的消息吧。,按照原定計畫，我已經附在<color=#00FF00>{[MainLastName]}{[MainFirstName]}</color>身上，跟著他一同被傳送至英雄台。這傢伙看起來一副智慧有限的樣子，一口氣聽到那麼多重要消息，八成會聽三句忘兩句。幸好有我這麼有智慧的得道之鬼跟在他身邊，算我好心，幫他記一記重要的消息吧。
UI/SettingInfo/Team/Notes/Setting_Note_ChangeWeapons,Text,,可以和杂细郎交换兵器的组合，用<color=#FFFF00>龙鳞剑和凤羽剑外加三百两换龙鳞凤羽</color>；用<color=#FFFF00>赤血剑和青锋剑外加三百两换赤血青锋</color>；用<color=#FFFF00>玄铁剑和白玉剑外加三百两换玄铁白玉</color>；用<color=#FFFF00>千锻剑和百炼剑外加三百两换千锻百炼</color>；另外还可以用<color=#FFFF00>天炎锦、金羽披风、黄沙披风外加六百两和他换烈火金尘</color>。他们会出现在<color=#FFFF00>武威</color>、<color=#FFFF00>北海</color>和<color=#FFFF00>洛阳</color>。,可以和雜細郎交換兵器的組合，用<color=#FFFF00>龍鱗劍和鳳羽劍外加三百兩換龍鱗鳳羽</color>；用<color=#FFFF00>赤血劍和青鋒劍外加三百兩換赤血青鋒</color>；用<color=#FFFF00>玄鐵劍和白玉劍外加三百兩換玄鐵白玉</color>；用<color=#FFFF00>千鍛劍和百鍊劍外加三百兩換千鍛百鍊</color>；另外還可以用<color=#FFFF00>天炎錦、金羽披風、黃沙披風外加六百兩和他換烈火金塵</color>。他們會出現在<color=#FFFF00>武威</color>、<color=#FFFF00>北海</color>和<color=#FFFF00>洛陽</color>。
UI/SettingInfo/Team/Notes/Setting_Note_DoMurderWithJiaXu,Text,,贾诩这家伙竟然想得出这种计谋，果然是鬼才—跟鬼一样无情啊。但若真能顺利进入敌营见到郭汜，一举将郭汜击毙，那张绣死的也还算值得。不过这张绣也真不够意思，变成鬼了也不跟我打个招呼，没礼貌！,賈詡這傢伙竟然想得出這種計謀，果然是鬼才—跟鬼一樣無情啊。但若真能順利進入敵營見到郭汜，一舉將郭汜擊斃，那張繡死的也還算值得。不過這張繡也真不夠意思，變成鬼了也不跟我打個招呼，沒禮貌！
UI/SettingInfo/Team/Notes/Setting_Note_EscapeFromSuiYang,Text,,这大厅上已经起火啦，赶快去找解开铁笼的机关，不然就又多个人要跟我作伴啰。机关一定在这大厅上，赶快到处找找看吧！,這大廳上已經起火啦，趕快去找解開鐵籠的機關，不然就又多個人要跟我作伴囉。機關一定在這大廳上，趕快到處找找看吧！
UI/SettingInfo/Team/Notes/Setting_Note_FinalTask,Text,,现在唯一剩下的任务，就是要打倒董卓，齐聚九鼎。待你一切准备完成后，即可前往汜水关，开始攻入洛阳的行动。汜水关、虎牢关、洛阳都有许多敌人，免不了数场大战，自己保重吧。,現在唯一剩下的任務，就是要打倒董卓，齊聚九鼎。待你一切準備完成後，即可前往汜水關，開始攻入洛陽的行動。汜水關、虎牢關、洛陽都有許多敵人，免不了數場大戰，自己保重吧。
UI/SettingInfo/Team/Notes/Setting_Note_FindBooksForXunYu,Text,,这荀彧一看就知道是个死脑筋，找书一定只会翻书舖而已。我看不是那些书难找，是他自己找的不仔细。那五本什么<color=#FF0000>治论</color>、<color=#FF0000>仇国论</color>、<color=#FF0000>乾象历注</color>、<color=#FF0000>左传春秋</color>以及<color=#FF0000>战国策</color>又不是多稀有的书，到那些书店去逛逛，他要找的书八成都在那里。,這荀彧一看就知道是個死腦筋，找書一定只會翻書舖而已。我看不是那些書難找，是他自己找的不仔細。那五本什麼<color=#FF0000>治論</color>、<color=#FF0000>仇國論</color>、<color=#FF0000>乾象曆注</color>、<color=#FF0000>左傳春秋</color>以及<color=#FF0000>戰國策</color>又不是多稀有的書，到那些書店去逛逛，他要找的書八成都在那裡。
UI/SettingInfo/Team/Notes/Setting_Note_FindChildrenInLuoYang,Text,,洛阳市集那个著急的妈妈，真是可怜，一个人要照顾三个调皮小孩，真是为难她了。去找找一些隐秘的地方，应该不难找到才对，除非是你自己太白目，哈哈哈．．．,洛陽市集那個著急的媽媽，真是可憐，一個人要照顧三個調皮小孩，真是為難她了。去找找一些隱秘的地方，應該不難找到才對，除非是你自己太白目，哈哈哈．．．
UI/SettingInfo/Team/Notes/Setting_Note_FindHuoTuoToXiangYang,Text,,哪有人重伤后，叫痛还不让医生看诊，想也知道这刘琮有问题。反正要治病就找华陀，看华陀怎么治这种『心病』。,哪有人重傷後，叫痛還不讓醫生看診，想也知道這劉琮有問題。反正要治病就找華陀，看華陀怎麼治這種『心病』。
UI/SettingInfo/Team/Notes/Setting_Note_FindKeyInSuiYang,Text,,这李永还真是狡猾，要开启密门一定要找到密门的开关才行，我看这到处都被机关改造过了，开启密门的开关应该也在这密道里。,這李永還真是狡猾，要開啟密門一定要找到密門的開關才行，我看這到處都被機關改造過了，開啟密門的開關應該也在這密道裡。
UI/SettingInfo/Team/Notes/Setting_Note_FindLvMeng,Text,,想也知道，吕蒙一定是跑到山越营地去了，不是被抓就是被杀了。既然他这么想死，那还是成全他好了，不必去救了啦。想我当年死的时候，也没人救我啊！,想也知道，呂蒙一定是跑到山越營地去了，不是被抓就是被殺了。既然他這麼想死，那還是成全他好了，不必去救了啦。想我當年死的時候，也沒人救我啊！
UI/SettingInfo/Team/Notes/Setting_Note_FindMaterialsForHuoTuo,Text,,华陀要的药材千奇百怪，又根本不知道下落，到底要到哪里找呢？算了，不甘我的事，帮他记一下就好。华陀要的东西是<color=#FF0000>石蛄</color>、<color=#FF0000>枯血籐</color>、<color=#FF0000>碧烟棠</color>、<color=#FF0000>酥麻草</color>，记住啊。,華陀要的藥材千奇百怪，又根本不知道下落，到底要到哪裡找呢？算了，不甘我的事，幫他記一下就好。華陀要的東西是<color=#FF0000>石蛄</color>、<color=#FF0000>枯血籐</color>、<color=#FF0000>碧煙棠</color>、<color=#FF0000>酥麻草</color>，記住啊。
UI/SettingInfo/Team/Notes/Setting_Note_FindMaterialsForOldWoman,Text,,"所谓巧妇难为""无香""之炊，<color=#FFFF00>解良的妇人需要五香包</color>，你就到药材店去帮她买吧。喔．．．说到这儿就想起我娘，她的厨艺可是得过朝廷认证的！","所謂巧婦難為""無香""之炊，<color=#FFFF00>解良的婦人需要五香包</color>，你就到藥材店去幫她買吧。喔．．．說到這兒就想起我娘，她的廚藝可是得過朝廷認證的！"
UI/SettingInfo/Team/Notes/Setting_Note_FindMaterialsForSaveGongSunZan,Text,,嗯，既然决定要化妆易容，那得先凑齐一些材料才行，需要的材料有<color=#FFFF00>炭灰</color>、<color=#FFFF00>粉彩</color>、<color=#FFFF00>黏土</color>。至于要去哪里找这些东西？<color=#FFFF00>到各城里</color>找吧。,嗯，既然決定要化妝易容，那得先湊齊一些材料才行，需要的材料有<color=#FFFF00>炭灰</color>、<color=#FFFF00>粉彩</color>、<color=#FFFF00>黏土</color>。至於要去哪裡找這些東西？<color=#FFFF00>到各城裡</color>找吧。
UI/SettingInfo/Team/Notes/Setting_Note_FindMaterialsForSolider,Text,,柴桑的那个伤兵要的是<color=#FFFF00>杉树皮</color>和<color=#FFFF00>干苔</color>来医治皮肤痒，我看他是皮在痒，胆敢要我们的大英雄帮他治痒，我看你也别帮他了，这杉树皮和干苔可不是随便买就有，可是要在<color=#FFFF00>丛林蛮荒之地</color>才找得到。,柴桑的那個傷兵要的是<color=#FFFF00>杉樹皮</color>和<color=#FFFF00>乾苔</color>來醫治皮膚癢，我看他是皮在癢，膽敢要我們的大英雄幫他治癢，我看你也別幫他了，這杉樹皮和乾苔可不是隨便買就有，可是要在<color=#FFFF00>叢林蠻荒之地</color>才找得到。
UI/SettingInfo/Team/Notes/Setting_Note_FindMedicsForOldWoman,Text,,自己的事都忙不完了，还要帮人家买药材，真是自找麻烦。看你那么好心肠的份上，我就把药方顺手记下吧，那妇人要的是<color=#FFFF00>河沙散二包</color>、<color=#FFFF00>九堇黄八株</color>和<color=#FFFF00>罗汉丹六颗</color>。,自己的事都忙不完了，還要幫人家買藥材，真是自找麻煩。看你那麼好心腸的份上，我就把藥方順手記下吧，那婦人要的是<color=#FFFF00>河沙散二包</color>、<color=#FFFF00>九堇黃八株</color>和<color=#FFFF00>羅漢丹六顆</color>。
UI/SettingInfo/Team/Notes/Setting_Note_FindMedicsInBeiHai,Text,,华陀说要找到<color=#FFFF00>臭麻子花</color>、<color=#FFFF00>曼陀罗根</color>，才能医治太史慈的老妈。<color=#FFFF00>臭麻子花在隔壁药铺就有</color>，真是伸手可得。至于曼陀罗根，嘿嘿！！我偏要卖个关子，谁叫他老是说我多嘴！,華陀說要找到<color=#FFFF00>臭麻子花</color>、<color=#FFFF00>曼陀羅根</color>，才能醫治太史慈的老媽。<color=#FFFF00>臭麻子花在隔壁藥鋪就有</color>，真是伸手可得。至於曼陀羅根，嘿嘿！！我偏要賣個關子，誰叫他老是說我多嘴！
UI/SettingInfo/Team/Notes/Setting_Note_FindPeopleInChangSha,Text,,要打探消息，我苍溟可是一等一的高手，长沙那个家具商人要知道谁想买家具应该来找我才对，真可惜他问错人啦。,要打探消息，我蒼溟可是一等一的高手，長沙那個傢俱商人要知道誰想買傢俱應該來找我才對，真可惜他問錯人啦。
UI/SettingInfo/Team/Notes/Setting_Note_FindPeopleInNanYang,Text,,真羡慕南阳的那个老翁，已经可以退休准备安度晚年了。只要帮他找个合作的木材商，并在江南买到房子就好了。不像我，这么一把年纪了，还要陪著你到处冒险。唉，我真是命苦啊！,真羡慕南陽的那個老翁，已經可以退休準備安度晚年了。只要幫他找個合作的木材商，並在江南買到房子就好了。不像我，這麼一把年紀了，還要陪著你到處冒險。唉，我真是命苦啊！
UI/SettingInfo/Team/Notes/Setting_Note_FindPeopleInWuLing,Text,,这个武陵城的古董商也太笨了吧，带著大批的值钱东西到这山贼出没的地方，简直就是羊入虎口，还好他在江南地区有些房子，不然我看他可要到处躲债，四海为家了。,這個武陵城的古董商也太笨了吧，帶著大批的值錢東西到這山賊出沒的地方，簡直就是羊入虎口，還好他在江南地區有些房子，不然我看他可要到處躲債，四海為家了。
UI/SettingInfo/Team/Notes/Setting_Note_FindPeopleInXiangYang,Text,,襄阳那个的郭员外看起来蛮有钱的样子，好好帮他找到卖家具的商人，肯定可以得到一笔不错的赏金，可是我就是想不透，为什么他会娶个母夜叉当老婆，还一心要把他的古董给卖掉。,襄陽那個的郭員外看起來蠻有錢的樣子，好好幫他找到賣傢俱的商人，肯定可以得到一筆不錯的賞金，可是我就是想不透，為什麼他會娶個母夜叉當老婆，還一心要把他的古董給賣掉。
UI/SettingInfo/Team/Notes/Setting_Note_FindQiangForMaChao,Text,,马超他们家的旧宅，应该是在武威城一带，如果能把马超他老爸的遗物拿回来，这马超应该能振奋起来。不过说实在的，像他这样能每天喝酒也实在不错，能这样醉死，应该算是很幸福……,馬超他們家的舊宅，應該是在武威城一帶，如果能把馬超他老爸的遺物拿回來，這馬超應該能振奮起來。不過說實在的，像他這樣能每天喝酒也實在不錯，能這樣醉死，應該算是很幸福……
UI/SettingInfo/Team/Notes/Setting_Note_FindTiger,Text,,想要医好北平那个老头子的病，可不是那么容易。虽然<color=#FFFF00>北平城外</color>有许多老虎，可是个个凶猛万分，稍一失神你就会成了牠们的嘴中肉。不过这样也不错，你也可以早日和我作伴。,想要醫好北平那個老頭子的病，可不是那麼容易。雖然<color=#FFFF00>北平城外</color>有許多老虎，可是個個兇猛萬分，稍一失神你就會成了牠們的嘴中肉。不過這樣也不錯，你也可以早日和我作伴。
UI/SettingInfo/Team/Notes/Setting_Note_FindToyForChildren,Text,,想不到匈奴地方的小孩子对我们汉民族的童玩这么喜爱，你真是应该早点帮他们找到那些玩具才对，那个女童要的是<color=#FFFF00>彩球和彩带</color>，而男童要的是<color=#FFFF00>铃鼓和风车</color>。这些东西在大城市出现的机会比较大，像是<color=#FFFF00>长安</color>、<color=#FFFF00>洛阳</color>和．．．，就让你自个去找吧。,想不到匈奴地方的小孩子對我們漢民族的童玩這麼喜愛，你真是應該早點幫他們找到那些玩具才對，那個女童要的是<color=#FFFF00>彩球和彩帶</color>，而男童要的是<color=#FFFF00>鈴鼓和風車</color>。這些東西在大城市出現的機會比較大，像是<color=#FFFF00>長安</color>、<color=#FFFF00>洛陽</color>和．．．，就讓你自個去找吧。
UI/SettingInfo/Team/Notes/Setting_Note_FirstFindPeople,Text,,司马懿说<color=#FFFF00>汝南许家村</color>、<color=#FFFF00>江南长沙</color>有我们要找的人物在，可以考虑先去看看。消息重要，看他一脸记不住的样子，还是先记下来好了。唉，我真是太善良了。,司馬懿說<color=#FFFF00>汝南許家村</color>、<color=#FFFF00>江南長沙</color>有我們要找的人物在，可以考慮先去看看。消息重要，看他一臉記不住的樣子，還是先記下來好了。唉，我真是太善良了。
UI/SettingInfo/Team/Notes/Setting_Note_GetLangWangPi,Text,,西羌王只要你用<color=#FFFF00>狼王皮就可以和他换到赤兔马</color>？这个交易也太奇怪了吧！真不知西羌王要狼王皮做什么？,西羌王只要你用<color=#FFFF00>狼王皮就可以和他換到赤兔馬</color>？這個交易也太奇怪了吧！真不知西羌王要狼王皮做什麼？
UI/SettingInfo/Team/Notes/Setting_Note_GetLettleForLuSu,Text,,原来要鲁肃到吴国，只要<color=#FFFF00>周瑜写封信</color>就好真是简单！其实不用周瑜写，由我写个邀聘书就够了，只是怕他们看不懂我的字而已……,原來要魯肅到吳國，只要<color=#FFFF00>周瑜寫封信</color>就好真是簡單！其實不用周瑜寫，由我寫個邀聘書就夠了，只是怕他們看不懂我的字而已……
UI/SettingInfo/Team/Notes/Setting_Note_GetLvBu,Text,,这吕布武功盖世，跟我当年不相上下……讲到吕布我才想到，人们都说『人中吕布、马中赤兔』。如果把赤兔马拿来给吕布，不知道会怎么样？而这赤兔马应该在西羌才找得到才对。,這呂布武功蓋世，跟我當年不相上下……講到呂布我才想到，人們都說『人中呂布、馬中赤兔』。如果把赤兔馬拿來給呂布，不知道會怎麼樣？而這赤兔馬應該在西羌才找得到才對。
UI/SettingInfo/Team/Notes/Setting_Note_GetPianoForZhouYu,Text,,按照我对人性透彻的了解，这周瑜明明想焦尾琴想的要命，要不是现在国事缠身，就算焦尾琴在天涯海角他也会去把它取回来。人性嘛，还不就是一个痴字。据我所知这焦尾琴该应流落在<color=#FF0000>北方匈奴族</color>那儿。,按照我對人性透徹的瞭解，這周瑜明明想焦尾琴想的要命，要不是現在國事纏身，就算焦尾琴在天涯海角他也會去把它取回來。人性嘛，還不就是一個痴字。據我所知這焦尾琴該應流落在<color=#FF0000>北方匈奴族</color>那兒。
UI/SettingInfo/Team/Notes/Setting_Note_GetWenWangGuaQian,Text,,解良那个怪怪的算命师，要你到处<color=#FFFF00>收集散落在各地的文王卦签</color>，而且总共有<color=#FFFF00>六十四个</color>，说什么只要收齐，他就可以悟出来皇龙腾天的秘法。你就慢慢收集吧，我倒要看看他能悟出什么来。,解良那個怪怪的算命師，要你到處<color=#FFFF00>收集散落在各地的文王卦籤</color>，而且總共有<color=#FFFF00>六十四個</color>，說什麼只要收齊，他就可以悟出來皇龍騰天的秘法。你就慢慢收集吧，我倒要看看他能悟出什麼來。
UI/SettingInfo/Team/Notes/Setting_Note_GetZhangFei,Text,,张飞这种人我看多了，这种家伙禁不起任何一次失面子的事，要让他不伤面子的回到蜀国，就要看诸葛亮怎么处理这件事了。,張飛這種人我看多了，這種傢伙禁不起任何一次失面子的事，要讓他不傷面子的回到蜀國，就要看諸葛亮怎麼處理這件事了。
UI/SettingInfo/Team/Notes/Setting_Note_GiveWeaponToXiongNu,Text,,连远在北方的匈奴人都知道蒲良的大名，那个匈奴王要的是<color=#FFFF00>蒲良铸造的刀类武器</color>，我倒想看看他会用什么重赏和你交换蒲良所铸的兵器。,連遠在北方的匈奴人都知道蒲良的大名，那個匈奴王要的是<color=#FFFF00>蒲良鑄造的刀類武器</color>，我倒想看看他會用什麼重賞和你交換蒲良所鑄的兵器。
UI/SettingInfo/Team/Notes/Setting_Note_GoWithHuangGai,Text,,这黄盖率军要讨伐山越，摆明了会有大阵仗的样子。看<color=#00FF00>{[MainLastName]}{[MainFirstName]}</color>一副就是很想拖累别人的样子，如果真想帮忙讨伐盗贼，那在出发之前，还是先得把一些军需准备好才行。,這黃蓋率軍要討伐山越，擺明了會有大陣仗的樣子。看<color=#00FF00>{[MainLastName]}{[MainFirstName]}</color>一副就是很想拖累別人的樣子，如果真想幫忙討伐盜賊，那在出發之前，還是先得把一些軍需準備好才行。
UI/SettingInfo/Team/Notes/Setting_Note_GotoChaiSangForSunQuan,Text,,周瑜说孙权现在人在<color=#FFFF00>柴桑</color>，被董卓军的袁术、严白虎所包围，这两人在董卓军中算是蛮厉害的狠角色，你这回可要小心点才好！,周瑜說孫權現在人在<color=#FFFF00>柴桑</color>，被董卓軍的袁術、嚴白虎所包圍，這兩人在董卓軍中算是蠻厲害的狠角色，你這回可要小心點才好！
UI/SettingInfo/Team/Notes/Setting_Note_GotoChaiSangOutSide,Text,,那个孙权真是麻烦，好不容易找到他了，又不赶紧回去，还要去<color=#FFFF00>柴桑城外</color>到处追杀人家，俗话说：穷寇莫追！真是不了解他在想什么？,那個孫權真是麻煩，好不容易找到他了，又不趕緊回去，還要去<color=#FFFF00>柴桑城外</color>到處追殺人家，俗話說：窮寇莫追！真是不了解他在想什麼？
UI/SettingInfo/Team/Notes/Setting_Note_GotoJiangXiangForLiuBei,Text,,你看那诸葛孔明一付紧张的样子，你就赶紧到<color=#FFFF00>江夏</color>去走一趟吧，看看刘备是不是真的在那儿。,你看那諸葛孔明一付緊張的樣子，你就趕緊到<color=#FFFF00>江夏</color>去走一趟吧，看看劉備是不是真的在那兒。
UI/SettingInfo/Team/Notes/Setting_Note_GotoWuLinForCaoCao,Text,,<color=#FFFF00>乌林</color>？应该就是<color=#FFFF00>襄阳南方</color>的那片森林吧？那个地方因为树林茂密，所以看起异常阴森，想不到曹操会跑到那去了，依我看是凶多吉少啦，不过你有空的话还是顺道过去看看好了。,<color=#FFFF00>烏林</color>？應該就是<color=#FFFF00>襄陽南方</color>的那片森林吧？那個地方因為樹林茂密，所以看起異常陰森，想不到曹操會跑到那去了，依我看是兇多吉少啦，不過你有空的話還是順道過去看看好了。
UI/SettingInfo/Team/Notes/Setting_Note_InXuJiaCun,Text,,听司马懿说许家村这里有三国的人物，所谓许家村，应该是姓许的人住的地方，算一算，这封将录上姓许的也不过一个许褚，一定是许褚住在这里，嗯，我真是太聪明了。,聽司馬懿說許家村這裡有三國的人物，所謂許家村，應該是姓許的人住的地方，算一算，這封將錄上姓許的也不過一個許褚，一定是許褚住在這裡，嗯，我真是太聰明了。
UI/SettingInfo/Team/Notes/Setting_Note_LoseBookInJuLu,Text,,哈哈哈，还笑南华老仙妄动天命，造成了生灵涂炭。自己还不是多事帮张角施法降雨，这下太平要术被人偷走了，一定又会造成一堆可怕的影响，作孽喔！！咦．．．好像是我告诉<color=#00FF00>{[MainLastName]}{[MainFirstName]}</color>可以施法的？不过我只是纯属建议而已，是他自己要做的，不甘我的事。,哈哈哈，還笑南華老仙妄動天命，造成了生靈塗炭。自己還不是多事幫張角施法降雨，這下太平要術被人偷走了，一定又會造成一堆可怕的影響，作孽喔！！咦．．．好像是我告訴<color=#00FF00>{[MainLastName]}{[MainFirstName]}</color>可以施法的？不過我只是純屬建議而已，是他自己要做的，不甘我的事。
UI/SettingInfo/Team/Notes/Setting_Note_MakeWeapons,Text,,那个住在成都的蒲良，可以说是我见过之中最厉害的兵器专家了，你听他的准没错，快去找到那些晶矿，然后把晶矿交给他，由他打造出来的兵器，不会让你失望的！,那個住在成都的蒲良，可以說是我見過之中最厲害的兵器專家了，你聽他的準沒錯，快去找到那些晶礦，然後把晶礦交給他，由他打造出來的兵器，不會讓你失望的！
UI/SettingInfo/Team/Notes/Setting_Note_MeetGuanYu,Text,,这关羽光看脸也知道，一定是性烈如火，要当这种人的好友，还是要冷静理智一点才能互补。不过于吉要我跟你在一起，也是知道我比较冷静理智……所以要期望你能冷静理智，实在太苛求你了，嘻嘻嘻……,這關羽光看臉也知道，一定是性烈如火，要當這種人的好友，還是要冷靜理智一點才能互補。不過于吉要我跟你在一起，也是知道我比較冷靜理智……所以要期望你能冷靜理智，實在太苛求你了，嘻嘻嘻……
UI/SettingInfo/Team/Notes/Setting_Note_MeetHuangZhong,Text,,这黄忠骗得了别人骗不了鬼魂，正所谓知人莫若鬼，黄忠其实动心考虑要不要奔赴蜀国了，再多来劝他几次，他应该就会下定决心了。,這黃忠騙得了別人騙不了鬼魂，正所謂知人莫若鬼，黃忠其實動心考慮要不要奔赴蜀國了，再多來勸他幾次，他應該就會下定決心了。
UI/SettingInfo/Team/Notes/Setting_Note_MeetMengHuoInNanMan,Text,,在云南，那个说打就打、还自称『本王』的家伙，身上竟然隐隐透著王者之气？唉，时代真是变了，连长成那样的家伙都还能带有王者之气，真是让长的那么可爱的我难以释怀……,在雲南，那個說打就打、還自稱『本王』的傢伙，身上竟然隱隱透著王者之氣？唉，時代真是變了，連長成那樣的傢伙都還能帶有王者之氣，真是讓長的那麼可愛的我難以釋懷……
UI/SettingInfo/Team/Notes/Setting_Note_MeetSunSangXiang,Text,,像孙尚香那种大小姐，自尊心绝对万分强烈，谁伤了她的自尊心，她一定永远都不会原谅那家伙。嗯，其实我的自尊心也是超强烈的，只是顾念天下苍生，否则<color=#00FF00>{[MainLastName]}{[MainFirstName]}</color>得罪我那么多次，我早就不理他了，想到这里，就觉得我自己真是善心的好鬼。,像孫尚香那種大小姐，自尊心絕對萬分強烈，誰傷了她的自尊心，她一定永遠都不會原諒那傢伙。嗯，其實我的自尊心也是超強烈的，只是顧念天下蒼生，否則<color=#00FF00>{[MainLastName]}{[MainFirstName]}</color>得罪我那麼多次，我早就不理他了，想到這裡，就覺得我自己真是善心的好鬼。
UI/SettingInfo/Team/Notes/Setting_Note_MeetZhangLiao,Text,,这张辽栖身于董卓军，如果不早点把他挖回魏国，等双方要发生大战时，就要与他兵戎相对了。罢了，我关心这么多干嘛，反正要打也不是我上场……,這張遼棲身於董卓軍，如果不早點把他挖回魏國，等雙方要發生大戰時，就要與他兵戎相對了。罷了，我關心這麼多幹嘛，反正要打也不是我上場……
UI/SettingInfo/Team/Notes/Setting_Note_MeetZhuGeLiang,Text,,诸葛亮就跟我一样，都是聪明绝伦、智慧过人，想要跟他拉近距离，智慧不够的话，是没什么机会喔。,諸葛亮就跟我一樣，都是聰明絕倫、智慧過人，想要跟他拉近距離，智慧不夠的話，是沒什麼機會喔。
UI/SettingInfo/Team/Notes/Setting_Note_ReturnWithLuXun,Text,,陆逊这家伙，回国了还念念不忘外族的东西，真是受不了，有空到外族时，随便买点土产敷衍他就算了。,陸遜這傢伙，回國了還念念不忘外族的東西，真是受不了，有空到外族時，隨便買點土產敷衍他就算了。
UI/SettingInfo/Team/Notes/Setting_Note_SanGuoLocation,Text,,嗯，魏国王殿在<color=#FF0000>邺城</color>、蜀国王殿在<color=#FF0000>成都</color>、吴国王殿在<color=#FF0000>建业</color>，这些他应该还知道吧。所谓寻回三国人物，就是令这些人物回到归属的王殿，之后要找哪一国的人物，也都是到王殿去找，这样懂吧？嗯，讲解的如此精辟，让我不禁想要赞美自己～,嗯，魏國王殿在<color=#FF0000>鄴城</color>、蜀國王殿在<color=#FF0000>成都</color>、吳國王殿在<color=#FF0000>建業</color>，這些他應該還知道吧。所謂尋回三國人物，就是令這些人物回到歸屬的王殿，之後要找哪一國的人物，也都是到王殿去找，這樣懂吧？嗯，講解的如此精闢，讓我不禁想要讚美自己～
UI/SettingInfo/Team/Notes/Setting_Note_SaveGanNing,Text,,只听到朝廷要招降，就乖乖的出面让人抓，竟被这么容易的谎言给骗了，这甘宁真是蠢蛋一个。要把他救出来的希望，我看八成还是在那些贪官污吏的身上。不过要救这种蠢蛋，想到就令人乏力。算了，毕竟不是每个人都像我一样那么有智慧的。,只聽到朝廷要招降，就乖乖的出面讓人抓，竟被這麼容易的謊言給騙了，這甘寧真是蠢蛋一個。要把他救出來的希望，我看八成還是在那些貪官污吏的身上。不過要救這種蠢蛋，想到就令人乏力。算了，畢竟不是每個人都像我一樣那麼有智慧的。
UI/SettingInfo/Team/Notes/Setting_Note_SaveGongSunZan,Text,,用膝盖想也知道，那刘家惨剧一定是李永挟怨报复。不过那李永一看就知道不是什么好惹的人物，要帮人家报仇，<color=#00FF00>{[MainLastName]}{[MainFirstName]}</color>自己可要有心理准备啰。不过我真想不懂，人迟早会死，被谁杀了还不是都是死，有什么好气的？真奇怪。,這趙雲全副心思都在公孫瓚身上，要他改投蜀國，應該還是要經過公孫瓚同意，所以一定要<color=#FFFF00>先幫趙雲把公孫瓚救出來</color>才行，懂了吧！請叫我人性觀察大師，呵呵呵呵！不過說要救，也是有憑力正攻與欺敵智取的差別啊。
UI/SettingInfo/Team/Notes/Setting_Note_SendDiaoChan,Text,,貂蝉这小娘们还真是有点奇怪，把这貂蝉送到吕布身边，那可有好戏看了……,貂蟬這小娘們還真是有點奇怪，把這貂蟬送到呂布身邊，那可有好戲看了……
UI/SettingInfo/Team/Notes/Setting_Note_SuiYanLiuHouseMurder,Text,,用膝盖想也知道，那刘家惨剧一定是李永挟怨报复。不过那李永一看就知道不是什么好惹的人物，要帮人家报仇，<color=#00FF00>{[MainLastName]}{[MainFirstName]}</color>自己可要有心理准备啰。不过我真想不懂，人迟早会死，被谁杀了还不是都是死，有什么好气的？真奇怪。,用膝蓋想也知道，那劉家慘劇一定是李永挾怨報復。不過那李永一看就知道不是什麼好惹的人物，要幫人家報仇，<color=#00FF00>{[MainLastName]}{[MainFirstName]}</color>自己可要有心理準備囉。不過我真想不懂，人遲早會死，被誰殺了還不是都是死，有什麼好氣的？真奇怪。
UI/SettingInfo/Team/Notes/Setting_Note_TalkWithSiMaYi,Text,,这司马懿工于心计，每次看到<color=#00FF00>{[MainLastName]}{[MainFirstName]}</color>都好像想说些什么，但他就是有办法把话又吞回去。八成也想问一些不该问的事，如果<color=#00FF00>{[MainLastName]}{[MainFirstName]}</color>太过道貌岸然，他大概就问不出口了……,這司馬懿工於心計，每次看到<color=#00FF00>{[MainLastName]}{[MainFirstName]}</color>都好像想說些什麼，但他就是有辦法把話又吞回去。八成也想問一些不該問的事，如果<color=#00FF00>{[MainLastName]}{[MainFirstName]}</color>太過道貌岸然，他大概就問不出口了……
UI/SettingInfo/Team/Notes/Setting_Note_TaskForSoliderXuKang,Text,,那个叫做许康的士兵，要你到他<color=#FFFF00>下邳的家中</color>去看看，自己却呆在柴桑纳凉，你也不用去看了，就随便扯个谎蒙混蒙混过去就好了。,那個叫做許康的士兵，要你到他<color=#FFFF00>下邳的家中</color>去看看，自己卻呆在柴桑納涼，你也不用去看了，就隨便扯個謊矇混矇混過去就好了。
UI/SettingInfo/Team/Notes/Setting_Note_TianJiangGanLin,Text,,想不到这天降甘霖之术这么简单，只要有<color=#FFFF00>三张黄符纸</color>、<color=#FFFF00>一只海螺</color>和<color=#FFFF00>一束清香</color>就可以了，这个任谁也会嘛！,想不到這天降甘霖之術這麼簡單，只要有<color=#FFFF00>三張黃符紙</color>、<color=#FFFF00>一只海螺</color>和<color=#FFFF00>一束清香</color>就可以了，這個任誰也會嘛！
UI/SettingInfo/Team/Notes/Setting_Note_ToFindPeople,Text,,所谓维系天命这件事啊，倒也不是要把所有人都找回来才行，只要达到某种程度，自然可以令那些君主回归时空，反正有事没事就去找那三个军师说说话，就知道下一步该怎么做了。唉，我真是体贴，连这种浅显的事情也帮他记著。,所謂維繫天命這件事啊，倒也不是要把所有人都找回來才行，只要達到某種程度，自然可以令那些君主回歸時空，反正有事沒事就去找那三個軍師說說話，就知道下一步該怎麼做了。唉，我真是體貼，連這種淺顯的事情也幫他記著。
UI/SettingInfo/Team/Setting_Team_Beast,Text,,收纳兽元,收納獸元
UI/SettingInfo/Team/Setting_Team_CompletedQuests,Text,,完成任务,完成任務
UI/SettingInfo/Team/Setting_Team_Courage,Text,,勇气,勇氣
UI/SettingInfo/Team/Setting_Team_Dismiss,Text,,解散,解散
UI/SettingInfo/Team/Setting_Team_Fame,Text,,功绩,功績
UI/SettingInfo/Team/Setting_Team_Group,Text,,团队,團隊
UI/SettingInfo/Team/Setting_Team_History,Text,,历史,歷史
UI/SettingInfo/Team/Setting_Team_History_Content,Text,,　　{[MainLastName]}{[MainFirstName]}，一名出生于二十世纪的现代少年，崇拜三国人物、熟读三国演义，对于任何涉及三国时代的游戏都绝不放过，因此被惹下滔天大祸南华老仙挑中，被传送至已然乱序的三国时代，寄予令时空归序的重任。凭著无比的机智和说谎不打草稿的本领，自称为『不幸涉入三国时代的未来美少年』的{[MainLastName]}{[MainFirstName]}，就此担负起找寻魏、蜀、吴三国将臣，齐聚太古九鼎的重责大任。 ,　　{[MainLastName]}{[MainFirstName]}，一名出生於二十世紀的現代少年，崇拜三國人物、熟讀三國演義，對於任何涉及三國時代的遊戲都絕不放過，因此被惹下滔天大禍南華老仙挑中，被傳送至已然亂序的三國時代，寄予令時空歸序的重任。憑著無比的機智和說謊不打草稿的本領，自稱為『不幸涉入三國時代的未來美少年』的{[MainLastName]}{[MainFirstName]}，就此擔負起找尋魏、蜀、吳三國將臣，齊聚太古九鼎的重責大任。 
UI/SettingInfo/Team/Setting_Team_Intelligence,Text,,智慧,智慧
UI/SettingInfo/Team/Setting_Team_Kills,Text,,杀敌数,殺敵數
UI/SettingInfo/Team/Setting_Team_Lose,Text,,败场数,敗場數
UI/SettingInfo/Team/Setting_Team_Medic,Text,,医术,醫術
UI/SettingInfo/Team/Setting_Team_Morality,Text,,仁德,仁德
UI/SettingInfo/Team/Setting_Team_Note,Text,,记事,記事
UI/SettingInfo/Team/Setting_Team_Souls,Text,,收纳灵魂,收納靈魂
UI/SettingInfo/Team/Setting_Team_SpecialItems,Text,,特殊物品,特殊物品
UI/SettingInfo/Team/Setting_Team_Win,Text,,胜场数,勝場數
UI_TextMeshPro,TextMeshPFont,,LXGWWenKaiTC-Bold SDF,王汉宗中隶书繁 SDF
